ダウンロードした時刻：2019/04/05 03:25:36,,
,,
,三島,三島
date,high,low
,,
,,
2000/1/1,14.3,1.3
2000/1/2,9.9,2.6
2000/1/3,17.3,3.3
2000/1/4,15.1,1
2000/1/5,14.1,2.3
2000/1/6,14.3,5.1
2000/1/7,20.4,6.7
2000/1/8,12.5,3.9
2000/1/9,14,1.2
2000/1/10,16.9,7.1
2000/1/11,13.6,7
2000/1/12,9.2,6.1
2000/1/13,12.2,7.1
2000/1/14,17.8,9.4
2000/1/15,11.9,6
2000/1/16,11.9,6.1
2000/1/17,9.3,5.6
2000/1/18,13,2.4
2000/1/19,7.9,3.9
2000/1/20,11.1,2.9
2000/1/21,8.7,-2.2
2000/1/22,9.9,-5.5
2000/1/23,9.6,0.2
2000/1/24,15.3,5.5
2000/1/25,8.4,2.3
2000/1/26,8.1,-0.5
2000/1/27,8,0.2
2000/1/28,9.1,-3.1
2000/1/29,12.3,-3.6
2000/1/30,14.6,-0.3
2000/1/31,11,2.9
2000/2/1,10.4,0.8
2000/2/2,11.9,0.9
2000/2/3,12.4,-1.4
2000/2/4,13.3,-0.2
2000/2/5,12.8,-1.4
2000/2/6,11.3,1.4
2000/2/7,14.8,6
2000/2/8,13.1,2
2000/2/9,12.9,-1.4
2000/2/10,9.7,-4.5
2000/2/11,12.9,-3.4
2000/2/12,13.8,-0.6
2000/2/13,11.9,-0.3
2000/2/14,13.4,3.3
2000/2/15,12.5,3.2
2000/2/16,7,-0.8
2000/2/17,8.9,-3.7
2000/2/18,10.5,-1.9
2000/2/19,8.6,-2.3
2000/2/20,7.5,3.9
2000/2/21,11.9,-0.1
2000/2/22,9.3,-3.5
2000/2/23,10.8,-2
2000/2/24,12.7,0.7
2000/2/25,9.2,-2.4
2000/2/26,8.2,2
2000/2/27,11.7,1.3
2000/2/28,10.9,-1.8
2000/2/29,9,-1.2
2000/3/1,11.4,-3.7
2000/3/2,14.7,-1.9
2000/3/3,16.2,-0.7
2000/3/4,15.6,4.6
2000/3/5,15.6,8.8
2000/3/6,13.7,4
2000/3/7,16.4,1.5
2000/3/8,12,1.5
2000/3/9,11.7,-0.3
2000/3/10,11.4,-0.4
2000/3/11,10.6,0.8
2000/3/12,8.3,3.9
2000/3/13,16.6,2
2000/3/14,14.3,1.2
2000/3/15,12.9,-0.1
2000/3/16,10.6,4.7
2000/3/17,16.1,3.2
2000/3/18,14.7,-0.2
2000/3/19,15.8,4.8
2000/3/20,18.6,4.9
2000/3/21,13.1,1.5
2000/3/22,16.9,2.8
2000/3/23,16.3,1.9
2000/3/24,16.9,8.5
2000/3/25,13.6,6.1
2000/3/26,13.7,3.1
2000/3/27,17.4,0.1
2000/3/28,16.7,6.6
2000/3/29,18.5,10.3
2000/3/30,19.3,5.7
2000/3/31,17.5,4.1
2000/4/1,17,6.5
2000/4/2,15.6,2.9
2000/4/3,14.7,8.5
2000/4/4,16.9,4.4
2000/4/5,14.8,10.8
2000/4/6,18.5,12.6
2000/4/7,21.1,9.8
2000/4/8,22.6,10.6
2000/4/9,20.1,7.6
2000/4/10,17.7,10
2000/4/11,19,10.1
2000/4/12,19.9,4.4
2000/4/13,21.6,7
2000/4/14,24.6,8.8
2000/4/15,17.3,9.7
2000/4/16,9.8,7.7
2000/4/17,17.4,6.1
2000/4/18,20.3,5.1
2000/4/19,21.7,11.2
2000/4/20,16.3,12.3
2000/4/21,18.8,14.2
2000/4/22,24.1,14.8
2000/4/23,23.3,10.6
2000/4/24,21,7.1
2000/4/25,20.3,6.1
2000/4/26,16,12
2000/4/27,23.3,12.4
2000/4/28,21.9,9.3
2000/4/29,21.1,7.3
2000/4/30,22.1,7.7
2000/5/1,21.7,13.3
2000/5/2,23.3,12.1
2000/5/3,23.5,12.3
2000/5/4,21.4,12.5
2000/5/5,23.1,10
2000/5/6,22.5,14.9
2000/5/7,21.6,14.1
2000/5/8,25.3,14.6
2000/5/9,27.6,16.2
2000/5/10,25.4,15
2000/5/11,23.5,16.2
2000/5/12,25.1,16.5
2000/5/13,22.4,17.6
2000/5/14,25.1,16.1
2000/5/15,26,14.9
2000/5/16,24.2,15.2
2000/5/17,20.7,15.2
2000/5/18,23.3,15.4
2000/5/19,22.8,13.1
2000/5/20,19.3,14.8
2000/5/21,26,15
2000/5/22,25,14.5
2000/5/23,27.7,19.9
2000/5/24,29,19.4
2000/5/25,27.2,15.7
2000/5/26,25.8,16.6
2000/5/27,23.7,16.6
2000/5/28,29.4,18.2
2000/5/29,28.6,17.1
2000/5/30,28.8,15.1
2000/5/31,23.5,17.5
2000/6/1,27.3,18
2000/6/2,26.4,19.2
2000/6/3,22.8,18.2
2000/6/4,27.7,17.5
2000/6/5,25.2,14
2000/6/6,26.5,18.4
2000/6/7,28.3,17.6
2000/6/8,29.5,20.7
2000/6/9,25.3,20.6
2000/6/10,24.5,18.3
2000/6/11,18.9,16.6
2000/6/12,20.3,16.2
2000/6/13,22.2,16.7
2000/6/14,21.8,17.6
2000/6/15,25.9,16.6
2000/6/16,28.3,18.7
2000/6/17,24.2,17
2000/6/18,26.2,16.8
2000/6/19,28.3,18.3
2000/6/20,28.4,17.6
2000/6/21,25.7,20.5
2000/6/22,30.9,22.2
2000/6/23,23.2,20.4
2000/6/24,24.2,19.9
2000/6/25,26,19.8
2000/6/26,26.4,18.7
2000/6/27,27.3,20.6
2000/6/28,25.9,22.2
2000/6/29,26.7,22.3
2000/6/30,31.4,22.9
2000/7/1,30.1,24.8
2000/7/2,30.5,22.6
2000/7/3,31.8,21.7
2000/7/4,30.7,19.9
2000/7/5,28.8,18.3
2000/7/6,29.2,20.9
2000/7/7,26.9,21
2000/7/8,34.4,21.6
2000/7/9,30.7,19.4
2000/7/10,30.8,20.5
2000/7/11,31,20
2000/7/12,31.2,22.7
2000/7/13,28.5,25.5
2000/7/14,31.9,24.6
2000/7/15,29.9,24.7
2000/7/16,32,24.7
2000/7/17,32.1,23.6
2000/7/18,31.3,25.7
2000/7/19,32.6,24.5
2000/7/20,33.2,24
2000/7/21,32.6,22.5
2000/7/22,35.2,22.6
2000/7/23,32.5,26.4
2000/7/24,32.1,26.3
2000/7/25,27.7,23.2
2000/7/26,26.9,20.3
2000/7/27,29.8,21.8
2000/7/28,28.3,22
2000/7/29,31.1,24.5
2000/7/30,32,24.2
2000/7/31,32.6,26.4
2000/8/1,32.5,26
2000/8/2,32.8,26.3
2000/8/3,32.1,24.5
2000/8/4,32.3,24.7
2000/8/5,33.6,22.8
2000/8/6,33.7,22.6
2000/8/7,33.2,22.8
2000/8/8,32.4,23.1
2000/8/9,32.2,24.1
2000/8/10,31.9,22.8
2000/8/11,31.4,25.7
2000/8/12,31.9,23.6
2000/8/13,30.6,24.9
2000/8/14,32.9,23.2
2000/8/15,27.6,24.1
2000/8/16,29.6,23.7
2000/8/17,30.8,23.6
2000/8/18,30.4,23.8
2000/8/19,31,23
2000/8/20,32.1,21.1
2000/8/21,31.3,23.3
2000/8/22,32.6,26.2
2000/8/23,32.9,25.9
2000/8/24,33.6,25.6
2000/8/25,32.8,24.2
2000/8/26,31.7,22.5
2000/8/27,32.9,23.6
2000/8/28,32.7,23
2000/8/29,33.8,22.1
2000/8/30,33.7,21.6
2000/8/31,30.5,23.1
2000/9/1,28.6,23.9
2000/9/2,33,25
2000/9/3,32.9,22.4
2000/9/4,27.6,20.3
2000/9/5,22.9,20.1
2000/9/6,28.5,19.9
2000/9/7,28.9,22.2
2000/9/8,31.3,23.3
2000/9/9,31.7,22.5
2000/9/10,32,22.9
2000/9/11,26.3,23.4
2000/9/12,27.7,22.7
2000/9/13,30.7,21.3
2000/9/14,28.9,22.7
2000/9/15,31,21.9
2000/9/16,28.9,23.5
2000/9/17,29,23.8
2000/9/18,29.7,19.7
2000/9/19,30.8,17.4
2000/9/20,29.3,17.5
2000/9/21,28.5,17.2
2000/9/22,29.4,16.4
2000/9/23,25,19.4
2000/9/24,27.7,20.3
2000/9/25,28.5,19.1
2000/9/26,28,16
2000/9/27,26.7,13.5
2000/9/28,26.8,14
2000/9/29,24.5,15.4
2000/9/30,26.1,15.2
2000/10/1,26.2,18.5
2000/10/2,21.2,17.8
2000/10/3,26.9,18.1
2000/10/4,26.2,18.8
2000/10/5,25.1,18.5
2000/10/6,25.3,16.2
2000/10/7,23,14.2
2000/10/8,22.3,12
2000/10/9,21.1,17.1
2000/10/10,26.3,16.1
2000/10/11,28,15.8
2000/10/12,27.6,17.7
2000/10/13,20.6,15.2
2000/10/14,24.4,13.9
2000/10/15,20.5,13.8
2000/10/16,22.8,15.4
2000/10/17,22.5,14.3
2000/10/18,21.9,14.1
2000/10/19,21.5,10.2
2000/10/20,20.3,14.9
2000/10/21,24.8,16.8
2000/10/22,22.1,17.4
2000/10/23,18.4,15.9
2000/10/24,23.2,13.2
2000/10/25,19,13
2000/10/26,25.4,17.7
2000/10/27,17.8,13.9
2000/10/28,19.4,10.5
2000/10/29,14.5,11.8
2000/10/30,18.6,12.3
2000/10/31,20,10.5
2000/11/1,19.8,14
2000/11/2,27.8,15.9
2000/11/3,18,14.6
2000/11/4,21.5,10.7
2000/11/5,22.3,9
2000/11/6,20.1,10.8
2000/11/7,23.9,11.1
2000/11/8,24.2,12.6
2000/11/9,15.1,9.4
2000/11/10,14.2,8.6
2000/11/11,19.8,8.5
2000/11/12,20.5,10.1
2000/11/13,19,10.9
2000/11/14,17.2,11
2000/11/15,21.3,12.8
2000/11/16,15.8,10.1
2000/11/17,13.3,10.2
2000/11/18,20.2,7.3
2000/11/19,13.9,6.3
2000/11/20,21.3,8.7
2000/11/21,22.8,13.3
2000/11/22,13.7,9.7
2000/11/23,14.7,5.9
2000/11/24,17.8,3.9
2000/11/25,17.6,6.8
2000/11/26,20.6,7.2
2000/11/27,19.5,7.3
2000/11/28,15.5,5.5
2000/11/29,12.3,3.8
2000/11/30,15.8,2.2
2000/12/1,9.8,2.9
2000/12/2,13.3,1.7
2000/12/3,16.3,3
2000/12/4,12.2,4.5
2000/12/5,15.7,2.6
2000/12/6,15,3.4
2000/12/7,10.1,2.7
2000/12/8,14.6,3
2000/12/9,16.5,0.2
2000/12/10,17.8,1.9
2000/12/11,17.3,6.5
2000/12/12,12.4,2.5
2000/12/13,11.7,-0.3
2000/12/14,10.4,2.4
2000/12/15,13.6,0.2
2000/12/16,16.7,0.7
2000/12/17,12.6,3.7
2000/12/18,13.3,6.2
2000/12/19,19.3,8.6
2000/12/20,13,7.4
2000/12/21,17,8.9
2000/12/22,12.8,4.5
2000/12/23,16.1,1.5
2000/12/24,14.7,5.5
2000/12/25,12.7,2
2000/12/26,8.7,1
2000/12/27,10.6,-1.3
2000/12/28,11.7,0.3
2000/12/29,10.2,0
2000/12/30,11.4,-0.8
2000/12/31,10.1,5.3
2001/1/1,14.5,1.6
2001/1/2,12.5,1.1
2001/1/3,10.9,5
2001/1/4,8.7,0.2
2001/1/5,10.8,-3.1
2001/1/6,8.8,-1.9
2001/1/7,7,-0.9
2001/1/8,12.3,2.6
2001/1/9,9.7,0.2
2001/1/10,15.3,5.5
2001/1/11,13.8,4.3
2001/1/12,9.9,5.2
2001/1/13,7.2,-0.5
2001/1/14,9.1,-2.2
2001/1/15,7.3,-1.9
2001/1/16,8,-4.6
2001/1/17,8.9,-4.3
2001/1/18,11.2,-3.4
2001/1/19,6.4,0.7
2001/1/20,10,0.8
2001/1/21,10.6,0.2
2001/1/22,10.8,0.4
2001/1/23,12.2,2.5
2001/1/24,10.8,-2.5
2001/1/25,7.7,2.3
2001/1/26,9.3,5.1
2001/1/27,5.1,1.5
2001/1/28,12,1.3
2001/1/29,11.6,-1.2
2001/1/30,10.4,-1.7
2001/1/31,11.7,-2.1
2001/2/1,7.5,3.8
2001/2/2,8.9,1.3
2001/2/3,11.3,-1.7
2001/2/4,10.1,0.5
2001/2/5,15,2.5
2001/2/6,13.7,1.9
2001/2/7,7.5,3.6
2001/2/8,12.6,3.2
2001/2/9,11.1,0.9
2001/2/10,11.7,-1.6
2001/2/11,11.9,0.4
2001/2/12,6.2,1.7
2001/2/13,9.2,0.7
2001/2/14,9.6,0.6
2001/2/15,7.6,-1
2001/2/16,13.5,-2.1
2001/2/17,9.6,-3.7
2001/2/18,14.7,-0.5
2001/2/19,15.8,0.6
2001/2/20,11.8,4.2
2001/2/21,16.2,1.5
2001/2/22,17.8,7
2001/2/23,18.5,4.6
2001/2/24,10.8,5.9
2001/2/25,10.1,1.2
2001/2/26,10.7,-0.6
2001/2/27,13.4,-0.3
2001/2/28,13.1,3.1
2001/3/1,11.9,6.8
2001/3/2,13.7,2.2
2001/3/3,11.6,-0.1
2001/3/4,13.8,4.1
2001/3/5,9.8,3.5
2001/3/6,15.6,0.9
2001/3/7,16.6,4.1
2001/3/8,11.2,0.1
2001/3/9,10.5,-1
2001/3/10,11.2,-1.8
2001/3/11,10.4,1.4
2001/3/12,9.5,0.2
2001/3/13,10.8,-0.1
2001/3/14,15,-0.9
2001/3/15,20.9,7.6
2001/3/16,14.7,3.5
2001/3/17,11.7,4.3
2001/3/18,19.9,8.2
2001/3/19,18.1,6.1
2001/3/20,21.3,4.3
2001/3/21,22.9,7.3
2001/3/22,18.8,10.9
2001/3/23,18.2,8.7
2001/3/24,19.9,8.5
2001/3/25,17.3,8
2001/3/26,20.8,8.7
2001/3/27,17.6,4.8
2001/3/28,19.1,7.7
2001/3/29,14.8,7.5
2001/3/30,15.2,5.3
2001/3/31,7,1.7
2001/4/1,13.3,-0.8
2001/4/2,17.2,1.5
2001/4/3,20.8,7.9
2001/4/4,15.9,4.8
2001/4/5,17,2.4
2001/4/6,22,9.1
2001/4/7,22.2,7.8
2001/4/8,21.1,9.1
2001/4/9,21.8,10.2
2001/4/10,23.7,15.8
2001/4/11,24.3,15.2
2001/4/12,21,12.9
2001/4/13,19.8,7.5
2001/4/14,21.1,6.4
2001/4/15,21.5,9
2001/4/16,21.3,8.1
2001/4/17,23,8.7
2001/4/18,21.4,10.5
2001/4/19,25.7,13.1
2001/4/20,25.4,10.7
2001/4/21,16,9.8
2001/4/22,19.8,8.8
2001/4/23,19.4,6.1
2001/4/24,22,11.8
2001/4/25,16,11.5
2001/4/26,17.9,10.3
2001/4/27,21.3,7.6
2001/4/28,22.5,8.3
2001/4/29,21.1,12.7
2001/4/30,19.7,13
2001/5/1,16.9,10.2
2001/5/2,16.4,11.6
2001/5/3,18.2,11.5
2001/5/4,21.2,11.1
2001/5/5,21.1,13.2
2001/5/6,23.3,12.6
2001/5/7,24.1,13.3
2001/5/8,21.2,16.2
2001/5/9,26,17.9
2001/5/10,24.8,15.6
2001/5/11,25.6,14.8
2001/5/12,24.5,12
2001/5/13,24.2,12.3
2001/5/14,25.3,12.6
2001/5/15,25.9,16.5
2001/5/16,24.2,17.1
2001/5/17,23.9,15.7
2001/5/18,24.9,13.3
2001/5/19,24.7,19
2001/5/20,27.1,17.5
2001/5/21,25.1,19.3
2001/5/22,24.4,17
2001/5/23,20.5,16.7
2001/5/24,23,18.3
2001/5/25,25.9,17.2
2001/5/26,25.4,20.6
2001/5/27,22.2,18.3
2001/5/28,25.2,14.1
2001/5/29,25.5,14.2
2001/5/30,23,15.3
2001/5/31,23.1,17.6
2001/6/1,24.9,16.8
2001/6/2,26.9,15.1
2001/6/3,26.6,13.6
2001/6/4,29.4,16.6
2001/6/5,26.5,17.3
2001/6/6,21.2,17
2001/6/7,28,19.8
2001/6/8,25.1,18.9
2001/6/9,27.1,19.4
2001/6/10,24.9,20
2001/6/11,27.4,20.5
2001/6/12,25.1,19.8
2001/6/13,26.7,17.9
2001/6/14,22.2,18.1
2001/6/15,23.9,17.7
2001/6/16,23.8,18.6
2001/6/17,26.7,18.9
2001/6/18,27.5,21.8
2001/6/19,26.4,23
2001/6/20,28.7,22
2001/6/21,22.9,18.5
2001/6/22,23.6,18.1
2001/6/23,24.3,20.1
2001/6/24,30.3,22
2001/6/25,30.8,23
2001/6/26,35.2,22.4
2001/6/27,32.8,23.4
2001/6/28,32.2,21.5
2001/6/29,30.3,21.1
2001/6/30,25.9,23.2
2001/7/1,36,24.6
2001/7/2,29.6,22.9
2001/7/3,28.6,24.2
2001/7/4,33.5,24.7
2001/7/5,35.1,22.9
2001/7/6,33.6,24.7
2001/7/7,28.7,23.3
2001/7/8,29.8,20.9
2001/7/9,30.8,19.3
2001/7/10,30.5,19.7
2001/7/11,32.9,21.3
2001/7/12,32.7,25.2
2001/7/13,33.2,26.4
2001/7/14,32.6,26.9
2001/7/15,33.8,26.4
2001/7/16,33.7,24.9
2001/7/17,33,24.8
2001/7/18,32.9,25.2
2001/7/19,31.9,24.1
2001/7/20,34,23.9
2001/7/21,34.1,25.6
2001/7/22,33.7,24.9
2001/7/23,34.1,27.8
2001/7/24,35.7,26.7
2001/7/25,34.8,25.7
2001/7/26,31.6,25.6
2001/7/27,30.2,24
2001/7/28,28.4,22.8
2001/7/29,28.2,22
2001/7/30,31.5,23.8
2001/7/31,33.7,26.8
2001/8/1,35.8,24.9
2001/8/2,30.5,25.2
2001/8/3,32.3,24.8
2001/8/4,33.5,26.6
2001/8/5,28.7,23.3
2001/8/6,28.2,22.4
2001/8/7,27.3,22.3
2001/8/8,28.6,22.6
2001/8/9,30.5,23
2001/8/10,32.3,24.6
2001/8/11,33,24.8
2001/8/12,31.7,24
2001/8/13,33.3,22.7
2001/8/14,33.8,24.4
2001/8/15,31.8,23.9
2001/8/16,32.1,25.4
2001/8/17,33.3,22.1
2001/8/18,31.2,21.6
2001/8/19,29.2,22.1
2001/8/20,28.5,22.6
2001/8/21,27.4,23.5
2001/8/22,29.7,24.2
2001/8/23,31.9,22.7
2001/8/24,32.4,23
2001/8/25,32.8,21.9
2001/8/26,32.2,23.4
2001/8/27,32,23
2001/8/28,32.1,22.1
2001/8/29,30.8,22.1
2001/8/30,30.4,22.1
2001/8/31,28.6,22.5
2001/9/1,27.9,21.3
2001/9/2,28.2,21.1
2001/9/3,25,19.5
2001/9/4,29.3,18.6
2001/9/5,27.4,21.2
2001/9/6,29.8,19.9
2001/9/7,25,22.1
2001/9/8,32,20.9
2001/9/9,31.4,25.9
2001/9/10,27.4,25.1
2001/9/11,29.7,22.8
2001/9/12,30.7,23.1
2001/9/13,28.9,22.1
2001/9/14,30.1,22.9
2001/9/15,30.1,21.4
2001/9/16,31.6,21.9
2001/9/17,28.1,22
2001/9/18,30.7,22
2001/9/19,32.3,20.1
2001/9/20,27.2,21.8
2001/9/21,26.2,16.9
2001/9/22,19.6,12.6
2001/9/23,23.7,9
2001/9/24,26.4,9.1
2001/9/25,26.5,11.3
2001/9/26,26.7,14.8
2001/9/27,27.9,18.3
2001/9/28,24.9,15
2001/9/29,21.1,14
2001/9/30,23,15.3
2001/10/1,27.2,17.2
2001/10/2,29.5,16.6
2001/10/3,27.8,14
2001/10/4,25,15.3
2001/10/5,27.6,19.7
2001/10/6,27.7,18.7
2001/10/7,23.4,17.5
2001/10/8,21,17
2001/10/9,25.9,18.7
2001/10/10,19.8,16
2001/10/11,26.7,15.3
2001/10/12,26.9,13.5
2001/10/13,25.7,12.6
2001/10/14,25.6,11.4
2001/10/15,23.3,11.4
2001/10/16,24.3,11.2
2001/10/17,20.4,16.4
2001/10/18,17.3,8.4
2001/10/19,21.5,6.3
2001/10/20,20.2,8.9
2001/10/21,21.1,9.8
2001/10/22,21.5,12.5
2001/10/23,25.6,16.2
2001/10/24,21.3,14.9
2001/10/25,23.1,12.8
2001/10/26,21.1,11.8
2001/10/27,22.6,9.7
2001/10/28,20.7,10.7
2001/10/29,24.3,14.2
2001/10/30,18.2,10.8
2001/10/31,22.2,9.2
2001/11/1,21.7,8.5
2001/11/2,23.2,10.6
2001/11/3,17.4,10.1
2001/11/4,20.1,9.7
2001/11/5,20.8,6.9
2001/11/6,23.5,9.9
2001/11/7,16.6,8.5
2001/11/8,18.8,6.3
2001/11/9,16,12.5
2001/11/10,12.7,6.9
2001/11/11,18.7,4.5
2001/11/12,16,6.3
2001/11/13,16.3,4.8
2001/11/14,17.2,5.4
2001/11/15,15.3,4.2
2001/11/16,18,4.9
2001/11/17,16.5,4.3
2001/11/18,15.8,5
2001/11/19,16.7,4.2
2001/11/20,17.6,2.6
2001/11/21,17.9,5.9
2001/11/22,19.2,3.7
2001/11/23,18.3,2.1
2001/11/24,18.8,2.8
2001/11/25,17.9,2.1
2001/11/26,17.5,3.2
2001/11/27,14.9,2.5
2001/11/28,14.7,0.3
2001/11/29,15.1,2.1
2001/11/30,20,7.2
2001/12/1,15.9,4.3
2001/12/2,17.4,3.9
2001/12/3,17.2,4.5
2001/12/4,14.2,8.3
2001/12/5,17,7.7
2001/12/6,13.1,9.1
2001/12/7,12.8,4.2
2001/12/8,13.3,3
2001/12/9,14.5,1.5
2001/12/10,12.2,4.4
2001/12/11,13.1,1.1
2001/12/12,14.7,-1.5
2001/12/13,11.7,4.9
2001/12/14,13.9,6
2001/12/15,9.1,5.7
2001/12/16,12.2,-1
2001/12/17,13.5,-0.5
2001/12/18,10,1.4
2001/12/19,12.5,1.2
2001/12/20,12.9,-0.9
2001/12/21,6.5,1.3
2001/12/22,13.5,-0.3
2001/12/23,11.5,-3
2001/12/24,13.8,-1.9
2001/12/25,12.6,4.4
2001/12/26,13.7,1.7
2001/12/27,11.3,-0.8
2001/12/28,12.6,-0.8
2001/12/29,9.7,-0.3
2001/12/30,12.1,1.5
2001/12/31,11.1,-0.4
2002/1/1,13.1,-1.3
2002/1/2,11.4,0.2
2002/1/3,8.2,-2.4
2002/1/4,11.3,-1.4
2002/1/5,11.7,0.7
2002/1/6,10.4,-3.1
2002/1/7,10.8,-3
2002/1/8,10.9,4.1
2002/1/9,11.5,1.1
2002/1/10,14.1,-1.7
2002/1/11,15.3,4
2002/1/12,15,0.6
2002/1/13,14.9,1.9
2002/1/14,12.6,0.4
2002/1/15,15.6,3.5
2002/1/16,14.8,9.5
2002/1/17,9.9,4.8
2002/1/18,10.1,2.8
2002/1/19,9.4,-0.3
2002/1/20,11.4,-1.3
2002/1/21,16.2,6.2
2002/1/22,12.3,5.9
2002/1/23,10.2,0
2002/1/24,10.3,-3.5
2002/1/25,12.3,-2.7
2002/1/26,8.7,-1.6
2002/1/27,15.8,5
2002/1/28,13.1,1.4
2002/1/29,10.9,0.4
2002/1/30,10.5,-1.9
2002/1/31,9.6,-1.9
2002/2/1,10.8,-0.7
2002/2/2,11.6,-2.6
2002/2/3,8.7,4.6
2002/2/4,12.7,4
2002/2/5,10.2,3.7
2002/2/6,13.2,4.8
2002/2/7,14.3,1.8
2002/2/8,14.2,-0.7
2002/2/9,14.3,3.7
2002/2/10,6.7,-1.2
2002/2/11,10.2,-3.6
2002/2/12,10.4,-1.3
2002/2/13,11.4,-2.8
2002/2/14,10.4,-0.4
2002/2/15,10.9,-3.5
2002/2/16,11.8,-0.9
2002/2/17,12.8,-1
2002/2/18,13.4,2.7
2002/2/19,12.7,0.2
2002/2/20,13.9,-2.4
2002/2/21,15.6,-1.4
2002/2/22,18.3,3.4
2002/2/23,15.6,2.6
2002/2/24,13.5,5.3
2002/2/25,13.9,1.7
2002/2/26,15.8,5.6
2002/2/27,16.3,5.7
2002/2/28,12.4,8.7
2002/3/1,15.9,10.6
2002/3/2,18.6,9.8
2002/3/3,11.5,3.5
2002/3/4,14.3,0.4
2002/3/5,12.9,1.9
2002/3/6,20.4,7.9
2002/3/7,14.2,3
2002/3/8,13.8,-0.4
2002/3/9,15.2,-0.8
2002/3/10,18.4,2.8
2002/3/11,17.1,5.3
2002/3/12,19,2.6
2002/3/13,17.4,4.9
2002/3/14,18.6,3.4
2002/3/15,20.3,11.4
2002/3/16,17.5,6.3
2002/3/17,19.8,4.2
2002/3/18,20.1,7.6
2002/3/19,17,2.7
2002/3/20,19,6.4
2002/3/21,19.2,3.3
2002/3/22,20.5,11.6
2002/3/23,16.1,7.8
2002/3/24,15.4,2.6
2002/3/25,14.7,1.8
2002/3/26,14.1,7.7
2002/3/27,13.8,7.4
2002/3/28,17.4,3.6
2002/3/29,16.4,8.4
2002/3/30,23.2,13.1
2002/3/31,22.6,10.7
2002/4/1,19.7,8.1
2002/4/2,24.5,7.8
2002/4/3,23.2,8.4
2002/4/4,23,11.2
2002/4/5,19.7,3.8
2002/4/6,20.7,5.3
2002/4/7,15.9,11.1
2002/4/8,23,15
2002/4/9,23.3,13.1
2002/4/10,18.9,10.1
2002/4/11,18.9,10.4
2002/4/12,15.5,11.2
2002/4/13,19.7,9.4
2002/4/14,21.3,5.9
2002/4/15,25.7,10.2
2002/4/16,23.8,18.5
2002/4/17,22.2,15.9
2002/4/18,20.9,11.4
2002/4/19,19.7,13.6
2002/4/20,18.7,12.3
2002/4/21,16.3,13.2
2002/4/22,22.3,13.8
2002/4/23,21.4,11.9
2002/4/24,23.9,9.4
2002/4/25,20,11.9
2002/4/26,16.4,10.8
2002/4/27,19.1,10.1
2002/4/28,18.7,8.3
2002/4/29,21.1,7.1
2002/4/30,19.2,15
2002/5/1,22.4,17.4
2002/5/2,22,11.5
2002/5/3,24.7,8.4
2002/5/4,22.3,12.8
2002/5/5,27.1,18.2
2002/5/6,21,14
2002/5/7,19.7,14
2002/5/8,26.7,15.3
2002/5/9,20.3,15.4
2002/5/10,15.6,13.5
2002/5/11,17,14
2002/5/12,23.2,14.9
2002/5/13,23.5,15.5
2002/5/14,25.5,15.2
2002/5/15,24.8,16.9
2002/5/16,17.4,13.9
2002/5/17,16.9,14
2002/5/18,18.2,13.7
2002/5/19,24.8,14.5
2002/5/20,21.1,14.3
2002/5/21,24.1,13.6
2002/5/22,24.4,11.4
2002/5/23,23.7,15.9
2002/5/24,26.3,16
2002/5/25,28,13.6
2002/5/26,26.3,13
2002/5/27,25.5,12.8
2002/5/28,24.2,11.3
2002/5/29,25.9,13.1
2002/5/30,26.9,14.8
2002/5/31,21.4,16.4
2002/6/1,26.8,16
2002/6/2,29.1,19
2002/6/3,26.6,16.2
2002/6/4,28.7,15.3
2002/6/5,29.2,19.8
2002/6/6,26.5,16.4
2002/6/7,27.3,14.2
2002/6/8,27.9,19.5
2002/6/9,30,18.2
2002/6/10,28,16.4
2002/6/11,26.1,19.9
2002/6/12,26,19.7
2002/6/13,22.6,18.1
2002/6/14,23.8,18.8
2002/6/15,27.3,19.5
2002/6/16,25.1,20.3
2002/6/17,26.9,19.1
2002/6/18,20.6,15.4
2002/6/19,28.2,13.9
2002/6/20,23.6,16.1
2002/6/21,28.8,17.9
2002/6/22,23.3,16.9
2002/6/23,22.1,16.5
2002/6/24,22,16.2
2002/6/25,21.3,16.1
2002/6/26,18.2,16.5
2002/6/27,21.3,16.7
2002/6/28,26.2,16.3
2002/6/29,24.2,18.8
2002/6/30,28.3,19.6
2002/7/1,26.8,20.6
2002/7/2,29.7,23.3
2002/7/3,29.3,22.7
2002/7/4,31.7,24
2002/7/5,30.4,23.2
2002/7/6,30.1,23
2002/7/7,30,23
2002/7/8,31.8,24.9
2002/7/9,32.3,24.9
2002/7/10,26.6,25.1
2002/7/11,32.8,24.3
2002/7/12,31.9,22.4
2002/7/13,27.9,23.5
2002/7/14,32.1,26.4
2002/7/15,30.7,25.9
2002/7/16,31.5,24.5
2002/7/17,30,22.9
2002/7/18,31.4,24.7
2002/7/19,30.4,25.1
2002/7/20,33,25.9
2002/7/21,31.8,26.4
2002/7/22,32,26.5
2002/7/23,33.5,25
2002/7/24,33.5,25.7
2002/7/25,31.5,25.3
2002/7/26,34.4,24.4
2002/7/27,34.6,23.3
2002/7/28,33.1,24.6
2002/7/29,31.4,24.3
2002/7/30,32.3,26.5
2002/7/31,33.3,26.7
2002/8/1,35.5,27.7
2002/8/2,34.9,23.4
2002/8/3,32.7,22.5
2002/8/4,32.3,25
2002/8/5,35,24.8
2002/8/6,34.7,24.8
2002/8/7,34,25.6
2002/8/8,33.6,26.3
2002/8/9,32.5,26.4
2002/8/10,32.9,26.9
2002/8/11,33,26.8
2002/8/12,33.5,26.4
2002/8/13,33,26.8
2002/8/14,33.7,23.9
2002/8/15,33.5,26.4
2002/8/16,33.7,24.6
2002/8/17,31.6,22.5
2002/8/18,28.8,23.4
2002/8/19,27.9,23.8
2002/8/20,33.1,22.7
2002/8/21,28.7,20.2
2002/8/22,28.3,18.8
2002/8/23,23.4,20.1
2002/8/24,29.4,20.4
2002/8/25,31.4,23
2002/8/26,31.1,21.7
2002/8/27,32.5,22.3
2002/8/28,32,24.4
2002/8/29,34.4,22.6
2002/8/30,32.9,23.6
2002/8/31,32.4,21.9
2002/9/1,32.3,21.9
2002/9/2,33.7,21.2
2002/9/3,33.1,23.2
2002/9/4,33.2,23.5
2002/9/5,31.6,22.2
2002/9/6,26.1,21.9
2002/9/7,30.2,21.6
2002/9/8,31.5,22.6
2002/9/9,31.1,22.8
2002/9/10,29.2,21.1
2002/9/11,31.4,20
2002/9/12,32.1,22.8
2002/9/13,28.6,21.9
2002/9/14,22.6,17.4
2002/9/15,23.6,17.4
2002/9/16,21.4,18.9
2002/9/17,24.9,19.3
2002/9/18,27.4,17.5
2002/9/19,26.2,15
2002/9/20,27.9,11.3
2002/9/21,29,12.7
2002/9/22,23.1,16.3
2002/9/23,25.5,16.1
2002/9/24,25.2,15.4
2002/9/25,26.2,13.9
2002/9/26,22.8,18.7
2002/9/27,18.9,15.3
2002/9/28,21.3,16.4
2002/9/29,27.7,20.8
2002/9/30,22.6,18.9
2002/10/1,24.7,18.5
2002/10/2,28.1,17.4
2002/10/3,26.6,15.6
2002/10/4,28,15.3
2002/10/5,29.1,16
2002/10/6,27.3,16.2
2002/10/7,28.4,20.1
2002/10/8,24.1,17.4
2002/10/9,22,14.8
2002/10/10,23.5,13.9
2002/10/11,21,10.3
2002/10/12,23.4,7.7
2002/10/13,24.4,8.5
2002/10/14,25.6,10.3
2002/10/15,26.9,15.5
2002/10/16,26.3,13.6
2002/10/17,26.1,11.3
2002/10/18,25.7,16.9
2002/10/19,24.6,16.9
2002/10/20,24.9,16.5
2002/10/21,19,13.8
2002/10/22,23.1,13.2
2002/10/23,20.5,11.5
2002/10/24,17.2,12.5
2002/10/25,21.4,10
2002/10/26,20.5,10.7
2002/10/27,20.3,12.7
2002/10/28,18.2,6.5
2002/10/29,18.7,6.1
2002/10/30,19.4,4.4
2002/10/31,18,5.7
2002/11/1,14.1,10.3
2002/11/2,17.6,7.2
2002/11/3,17.2,3.6
2002/11/4,16.1,4.5
2002/11/5,16.5,2.4
2002/11/6,16.1,1.8
2002/11/7,16.3,4.8
2002/11/8,17.7,5.2
2002/11/9,18.2,7.8
2002/11/10,16.8,3.4
2002/11/11,16.3,4
2002/11/12,20.2,11.4
2002/11/13,16.6,10.1
2002/11/14,14.3,4.1
2002/11/15,16.3,7.2
2002/11/16,13.4,8.3
2002/11/17,14.7,7
2002/11/18,19.4,7.3
2002/11/19,14.8,4.5
2002/11/20,16.3,7.1
2002/11/21,18.7,7.4
2002/11/22,11.6,8.1
2002/11/23,11.8,7
2002/11/24,16.6,11.2
2002/11/25,16.6,10.3
2002/11/26,19.4,6.5
2002/11/27,13.8,1.9
2002/11/28,14.5,1.3
2002/11/29,15.2,1.8
2002/11/30,17.9,4.1
2002/12/1,11.8,9.1
2002/12/2,15.8,5.8
2002/12/3,16.2,4.6
2002/12/4,13.2,9.4
2002/12/5,18.5,7.8
2002/12/6,13,9.6
2002/12/7,9.8,6.7
2002/12/8,7.6,3.8
2002/12/9,5.3,1
2002/12/10,11.8,0.9
2002/12/11,9.6,0
2002/12/12,12,-1.8
2002/12/13,10.3,-0.9
2002/12/14,10.9,1
2002/12/15,12.4,1.2
2002/12/16,17.3,-0.1
2002/12/17,19.2,4.4
2002/12/18,15.5,3.1
2002/12/19,12.7,4.4
2002/12/20,13.4,6
2002/12/21,9,6.1
2002/12/22,10.4,7
2002/12/23,10.3,3.3
2002/12/24,12.5,4.1
2002/12/25,14.8,1.1
2002/12/26,11.1,1.5
2002/12/27,11.2,-0.2
2002/12/28,10,-1.4
2002/12/29,12.4,-2.2
2002/12/30,11.1,-1.1
2002/12/31,11.3,-2.3
2003/1/1,8.4,1.6
2003/1/2,10.8,-0.8
2003/1/3,5.5,-0.9
2003/1/4,11.1,4.4
2003/1/5,7,0.9
2003/1/6,8.7,-3.8
2003/1/7,8.9,-3.6
2003/1/8,10.9,-3.1
2003/1/9,12.6,-2.6
2003/1/10,14.6,-1
2003/1/11,12.2,1.5
2003/1/12,13.7,-1.1
2003/1/13,14.2,0.4
2003/1/14,15.7,-1.3
2003/1/15,10.5,-2.1
2003/1/16,8.8,-4.2
2003/1/17,16.3,-0.9
2003/1/18,12.9,0.7
2003/1/19,12.2,2.5
2003/1/20,11.4,2.7
2003/1/21,12.3,1
2003/1/22,9.2,-1.1
2003/1/23,6.4,2.1
2003/1/24,12.8,-0.8
2003/1/25,11.1,-2.9
2003/1/26,9,-1.4
2003/1/27,16.8,3.9
2003/1/28,13.2,5.1
2003/1/29,6.4,-0.5
2003/1/30,8.7,-3
2003/1/31,10.8,-3.5
2003/2/1,9.6,-0.4
2003/2/2,5.2,1
2003/2/3,8.8,-0.3
2003/2/4,9,-0.2
2003/2/5,9.2,1.9
2003/2/6,10.7,-1.3
2003/2/7,11.6,-3
2003/2/8,13.7,-2.2
2003/2/9,17.8,5.9
2003/2/10,11.8,8.9
2003/2/11,14.4,7.5
2003/2/12,11.1,4
2003/2/13,12.7,1.4
2003/2/14,13.1,-0.1
2003/2/15,13.2,-0.5
2003/2/16,7.6,2.5
2003/2/17,15.4,4.1
2003/2/18,12.8,4.7
2003/2/19,10.5,2
2003/2/20,11.6,2.5
2003/2/21,13.7,-0.2
2003/2/22,11.5,3.6
2003/2/23,10,5.6
2003/2/24,6,1.6
2003/2/25,11.6,1.6
2003/2/26,15.2,2.7
2003/2/27,14.8,3.1
2003/2/28,12.4,-0.8
2003/3/1,18.7,1.7
2003/3/2,19.7,5.6
2003/3/3,16.7,4.7
2003/3/4,11.4,2.1
2003/3/5,10.7,-1
2003/3/6,8.3,2.5
2003/3/7,10.4,5.7
2003/3/8,15.9,2.7
2003/3/9,13,3.1
2003/3/10,12.9,0.1
2003/3/11,12,-0.2
2003/3/12,11.6,-0.4
2003/3/13,12.8,2.5
2003/3/14,13.8,-0.4
2003/3/15,8.8,4.8
2003/3/16,13.9,1.9
2003/3/17,9.4,4.6
2003/3/18,9.9,3.9
2003/3/19,13.8,1.5
2003/3/20,15.2,-0.3
2003/3/21,13,3.1
2003/3/22,10.4,4.2
2003/3/23,16.3,2.3
2003/3/24,18.7,4.7
2003/3/25,14.1,10.3
2003/3/26,19,6.1
2003/3/27,20.1,4.3
2003/3/28,19.7,9.2
2003/3/29,16.5,5.8
2003/3/30,17.1,2.5
2003/3/31,20.6,3.4
2003/4/1,18,11.5
2003/4/2,11.6,9.2
2003/4/3,16.3,6.3
2003/4/4,14.8,4.2
2003/4/5,10.7,7.2
2003/4/6,19.8,4.4
2003/4/7,21.8,3.1
2003/4/8,21.7,11.4
2003/4/9,21.2,10.4
2003/4/10,16.7,6.9
2003/4/11,16.9,5.6
2003/4/12,16.4,11.5
2003/4/13,25,14.9
2003/4/14,18.4,12.6
2003/4/15,13.4,10.4
2003/4/16,22.6,11.2
2003/4/17,23.8,11.8
2003/4/18,23.7,14
2003/4/19,24.5,16.8
2003/4/20,21.5,17.3
2003/4/21,25.5,11.5
2003/4/22,18.3,7.2
2003/4/23,15.4,11.6
2003/4/24,24.1,15
2003/4/25,19.6,15.7
2003/4/26,26.9,16.5
2003/4/27,22,11.5
2003/4/28,22.9,9.4
2003/4/29,23.9,10.7
2003/4/30,23.5,14.8
2003/5/1,21.2,9.3
2003/5/2,22.1,7.5
2003/5/3,26.6,13.9
2003/5/4,24.2,12.3
2003/5/5,26.5,15.1
2003/5/6,25.8,17.8
2003/5/7,25.7,17.9
2003/5/8,25.8,14.2
2003/5/9,19.5,10.3
2003/5/10,22.9,7.8
2003/5/11,20.9,11.8
2003/5/12,23.2,14.2
2003/5/13,23.9,12.8
2003/5/14,23.3,13.8
2003/5/15,18.9,15.3
2003/5/16,19.4,16.5
2003/5/17,20,15.3
2003/5/18,23.2,15.2
2003/5/19,18.9,14.5
2003/5/20,23.5,12.4
2003/5/21,25,14.2
2003/5/22,25.3,12.4
2003/5/23,23.5,14.5
2003/5/24,23.6,14.2
2003/5/25,23.4,16.3
2003/5/26,20,15.9
2003/5/27,20.7,15.2
2003/5/28,26.6,13.8
2003/5/29,26.2,13.6
2003/5/30,25.5,12.5
2003/5/31,23.7,17.9
2003/6/1,25.5,18.7
2003/6/2,26.6,15.6
2003/6/3,27.3,12.7
2003/6/4,21.3,14.7
2003/6/5,26.8,14.3
2003/6/6,28.1,15.2
2003/6/7,26.3,16.1
2003/6/8,27.8,15.9
2003/6/9,24.6,17.3
2003/6/10,24.2,17.7
2003/6/11,24.1,16.5
2003/6/12,26.3,19.2
2003/6/13,26.6,21.3
2003/6/14,28.8,21.2
2003/6/15,26.5,20.8
2003/6/16,24.3,20.6
2003/6/17,24.8,22
2003/6/18,25.6,21.4
2003/6/19,27.7,21
2003/6/20,29.6,22.7
2003/6/21,31.9,19.1
2003/6/22,31.2,20.5
2003/6/23,23.3,20.4
2003/6/24,23.1,20.7
2003/6/25,29.6,20.9
2003/6/26,29.5,21.2
2003/6/27,27.7,20.4
2003/6/28,29.5,20.5
2003/6/29,30,22.9
2003/6/30,29.3,21.9
2003/7/1,26.9,19.7
2003/7/2,26.9,19.5
2003/7/3,27.3,19.5
2003/7/4,29.1,20.1
2003/7/5,28.8,20.7
2003/7/6,24.9,20.3
2003/7/7,24.4,20.5
2003/7/8,24.1,20.3
2003/7/9,24.6,19.8
2003/7/10,25.5,20.7
2003/7/11,30.3,23.9
2003/7/12,30.7,23.4
2003/7/13,24.2,20.1
2003/7/14,25.2,19.2
2003/7/15,22.8,18.5
2003/7/16,28.4,19.5
2003/7/17,28.9,19.4
2003/7/18,27.8,19.1
2003/7/19,28.8,20.9
2003/7/20,29.9,22
2003/7/21,30.2,23.8
2003/7/22,27.7,20.2
2003/7/23,21.4,19.3
2003/7/24,25.1,19.3
2003/7/25,27.8,20
2003/7/26,28.2,19.8
2003/7/27,28.5,19.1
2003/7/28,28.6,20.3
2003/7/29,29.9,20.9
2003/7/30,25.2,22.6
2003/7/31,31.9,22.9
2003/8/1,31,23.3
2003/8/2,32.3,22.4
2003/8/3,32.2,24.2
2003/8/4,32.7,25.9
2003/8/5,33.5,24.9
2003/8/6,32.6,24.4
2003/8/7,32.1,23.5
2003/8/8,30.8,22.4
2003/8/9,27,24.6
2003/8/10,32.3,23.9
2003/8/11,31.7,23.8
2003/8/12,30.5,24.9
2003/8/13,28.4,23.5
2003/8/14,24.5,18.4
2003/8/15,20.3,18.4
2003/8/16,22.1,19.1
2003/8/17,24.4,18.8
2003/8/18,28.7,21.3
2003/8/19,24.4,21.4
2003/8/20,28.4,21.6
2003/8/21,30.8,22.8
2003/8/22,32.3,22.1
2003/8/23,31.4,25.5
2003/8/24,34.1,25.8
2003/8/25,33.3,27
2003/8/26,31.5,24
2003/8/27,30.4,23.2
2003/8/28,27.9,23.3
2003/8/29,33.7,25.4
2003/8/30,31.3,22.6
2003/8/31,32,22.2
2003/9/1,33.2,25.4
2003/9/2,31.9,24.3
2003/9/3,33.5,26.1
2003/9/4,29.3,23.3
2003/9/5,31.6,20.4
2003/9/6,31.9,20.4
2003/9/7,25.6,22.4
2003/9/8,28.9,20.6
2003/9/9,32,23.3
2003/9/10,32.2,24.9
2003/9/11,33.3,24.3
2003/9/12,34,23
2003/9/13,32,23.3
2003/9/14,32.3,22
2003/9/15,32.1,20.5
2003/9/16,30,21.5
2003/9/17,31.3,19.8
2003/9/18,32,19.9
2003/9/19,31.5,20.9
2003/9/20,27.6,17.9
2003/9/21,18.3,16.2
2003/9/22,22.1,15.4
2003/9/23,24.2,13.1
2003/9/24,23.6,16.9
2003/9/25,22.9,17.1
2003/9/26,27,20.2
2003/9/27,27.6,17.2
2003/9/28,27,16.8
2003/9/29,26.5,15.4
2003/9/30,25.8,11.8
2003/10/1,25.6,11.6
2003/10/2,28.2,15.2
2003/10/3,26.4,12.8
2003/10/4,23.4,14.2
2003/10/5,22.3,12.2
2003/10/6,18.7,11.8
2003/10/7,20,11.9
2003/10/8,19.1,11.6
2003/10/9,22.5,8.3
2003/10/10,24.1,10.4
2003/10/11,24.4,14.2
2003/10/12,23.1,18.2
2003/10/13,26.7,18.9
2003/10/14,19.2,13.1
2003/10/15,20.3,11.7
2003/10/16,22.6,10.6
2003/10/17,19.3,9.6
2003/10/18,18.1,10.5
2003/10/19,22.2,7.8
2003/10/20,20.3,11.2
2003/10/21,22.7,8.9
2003/10/22,18.5,15
2003/10/23,23.6,9.9
2003/10/24,20.8,6.8
2003/10/25,19.8,10.4
2003/10/26,23.1,10.2
2003/10/27,21.6,9.5
2003/10/28,17.8,12.9
2003/10/29,23.7,11.5
2003/10/30,22.7,8.2
2003/10/31,23.3,10.3
2003/11/1,23.2,15.8
2003/11/2,24.2,12.6
2003/11/3,20.5,15.1
2003/11/4,21.9,13.5
2003/11/5,22,12
2003/11/6,20.7,15.2
2003/11/7,25.2,12.7
2003/11/8,23.9,13.8
2003/11/9,23.3,12.2
2003/11/10,13.3,10.8
2003/11/11,14.1,11.2
2003/11/12,18.1,11.6
2003/11/13,17,7.5
2003/11/14,17.1,5.6
2003/11/15,14.8,8
2003/11/16,24.2,14.1
2003/11/17,20,7.6
2003/11/18,18.7,6.2
2003/11/19,17.9,11.6
2003/11/20,15,11.8
2003/11/21,23.9,13.8
2003/11/22,19.4,8.4
2003/11/23,14.1,7.1
2003/11/24,14.1,5.7
2003/11/25,15.2,11.3
2003/11/26,17,7.1
2003/11/27,13.8,6.2
2003/11/28,17.4,7.3
2003/11/29,15.8,12.6
2003/11/30,19.5,15
2003/12/1,17.1,11.7
2003/12/2,19.3,8.5
2003/12/3,14.8,6.9
2003/12/4,16.4,4.3
2003/12/5,9.2,6.2
2003/12/6,17.7,7.7
2003/12/7,17,5.5
2003/12/8,14.4,5.4
2003/12/9,14.4,1.6
2003/12/10,13,4.2
2003/12/11,9.1,2.6
2003/12/12,15.7,4.4
2003/12/13,14.4,1.3
2003/12/14,14.1,-1
2003/12/15,14.5,0
2003/12/16,14.7,1.1
2003/12/17,13.8,0.7
2003/12/18,14.6,6
2003/12/19,13.9,2.6
2003/12/20,9.1,2.3
2003/12/21,11.8,-0.5
2003/12/22,13.5,-1.5
2003/12/23,14.7,-1
2003/12/24,15.1,0.6
2003/12/25,15.3,1.5
2003/12/26,15.4,4.1
2003/12/27,11,-2.3
2003/12/28,11.3,-4.4
2003/12/29,14.2,-1.9
2003/12/30,15.7,3
2003/12/31,12.6,3.2
2004/1/1,13.6,1.7
2004/1/2,15.4,1.2
2004/1/3,14.7,1.4
2004/1/4,12.7,1.2
2004/1/5,13.1,4.2
2004/1/6,12.7,1.7
2004/1/7,10.9,1.8
2004/1/8,12.5,-0.5
2004/1/9,12.3,-3.4
2004/1/10,13.9,-0.7
2004/1/11,12.3,2.1
2004/1/12,10.4,-0.4
2004/1/13,13.1,4
2004/1/14,11,-1.4
2004/1/15,10.1,-4.3
2004/1/16,10,-1.4
2004/1/17,5.1,0.3
2004/1/18,10.2,1.4
2004/1/19,12.4,2.6
2004/1/20,12.4,-1.2
2004/1/21,10,-0.4
2004/1/22,7.7,0.4
2004/1/23,8.3,-0.8
2004/1/24,8.6,-2.1
2004/1/25,10.7,-3.8
2004/1/26,10.2,-3.6
2004/1/27,11.6,-1.7
2004/1/28,10.8,-2.6
2004/1/29,12.8,-2.4
2004/1/30,12.2,0.5
2004/1/31,12.9,1.2
2004/2/1,13.2,-0.2
2004/2/2,9.2,3.4
2004/2/3,13,4.4
2004/2/4,11,0.8
2004/2/5,8.9,0.8
2004/2/6,9.7,-1.6
2004/2/7,8.7,-0.4
2004/2/8,10.5,-3.5
2004/2/9,11.5,-2
2004/2/10,8.6,1.6
2004/2/11,11.6,1.1
2004/2/12,13.8,-0.9
2004/2/13,13.3,-0.8
2004/2/14,15.9,2.2
2004/2/15,14,3.7
2004/2/16,13.9,0.9
2004/2/17,,0
2004/2/18,14.1,1.3
2004/2/19,14.8,0.4
2004/2/20,16.5,1.8
2004/2/21,17.9,6.1
2004/2/22,18.5,7
2004/2/23,18.1,3.5
2004/2/24,13.6,-0.6
2004/2/25,17.4,7.5
2004/2/26,17.8,4.2
2004/2/27,12.4,2.3
2004/2/28,13,-0.4
2004/2/29,14.2,4.1
2004/3/1,10.2,3.8
2004/3/2,11.7,3.7
2004/3/3,9.8,2.6
2004/3/4,13.8,1.7
2004/3/5,11.8,-0.9
2004/3/6,12.6,1.5
2004/3/7,11.8,-2.2
2004/3/8,10.9,-4.4
2004/3/9,14.9,-0.7
2004/3/10,17.2,0.5
2004/3/11,20.2,14.3
2004/3/12,17.1,6.2
2004/3/13,16.5,3.8
2004/3/14,17.1,2
2004/3/15,17.3,4.5
2004/3/16,18.8,4.5
2004/3/17,21.3,8.6
2004/3/18,18,6.7
2004/3/19,8.2,5.2
2004/3/20,8.4,3.7
2004/3/21,13.7,1.7
2004/3/22,7,4
2004/3/23,10.8,4.9
2004/3/24,12.3,3.8
2004/3/25,13.6,6.4
2004/3/26,12.4,3.3
2004/3/27,16.8,0.6
2004/3/28,19.9,3
2004/3/29,21.1,4.8
2004/3/30,17.7,9.9
2004/3/31,24.3,10.5
2004/4/1,19.9,10.5
2004/4/2,20.7,11.1
2004/4/3,19.9,7.8
2004/4/4,13.6,5.3
2004/4/5,16.8,4.9
2004/4/6,19.4,5.7
2004/4/7,22.2,12
2004/4/8,18.6,10.6
2004/4/9,20.6,6.9
2004/4/10,23.6,6.4
2004/4/11,22.7,9.5
2004/4/12,25.3,12.5
2004/4/13,16,11.9
2004/4/14,19.7,11.4
2004/4/15,21.1,9.5
2004/4/16,22.7,9.3
2004/4/17,26.9,11.9
2004/4/18,24.1,10.8
2004/4/19,22.9,12.8
2004/4/20,28,15.5
2004/4/21,24,12.8
2004/4/22,26.2,11.3
2004/4/23,26.2,14.2
2004/4/24,17,6.4
2004/4/25,19.2,3.7
2004/4/26,22.6,7.6
2004/4/27,22.9,14.8
2004/4/28,22.1,10.8
2004/4/29,22.3,7.6
2004/4/30,23,7.9
2004/5/1,27.5,13.1
2004/5/2,19.3,12
2004/5/3,19.4,13.2
2004/5/4,22.5,16.8
2004/5/5,20.6,12.5
2004/5/6,20.9,11.8
2004/5/7,26.1,15
2004/5/8,25.9,13.6
2004/5/9,21.8,15.4
2004/5/10,23.3,16.5
2004/5/11,29.2,16.9
2004/5/12,26.1,15.7
2004/5/13,26.6,17.1
2004/5/14,29,19.5
2004/5/15,25.6,16
2004/5/16,25.2,16.5
2004/5/17,26.4,20.5
2004/5/18,26.3,18.6
2004/5/19,21.7,15.6
2004/5/20,21.2,15.5
2004/5/21,26.3,15.2
2004/5/22,22,16.9
2004/5/23,17.4,15
2004/5/24,25.2,15.2
2004/5/25,24.6,13.7
2004/5/26,26.6,12.7
2004/5/27,27.2,17
2004/5/28,28.1,17.2
2004/5/29,27.9,17.2
2004/5/30,30.1,21.8
2004/5/31,27.9,21.9
2004/6/1,22,16.9
2004/6/2,25.4,15.2
2004/6/3,24.1,12.5
2004/6/4,27.4,9.1
2004/6/5,28.5,10.2
2004/6/6,25.5,18.5
2004/6/7,26.7,20.9
2004/6/8,28.9,21.9
2004/6/9,25,19.3
2004/6/10,26.4,19.5
2004/6/11,24.5,19
2004/6/12,30.4,19
2004/6/13,25.2,18.6
2004/6/14,27.4,15.6
2004/6/15,27.9,17
2004/6/16,26.9,18.3
2004/6/17,27.7,19.9
2004/6/18,30.2,21
2004/6/19,30,21.9
2004/6/20,30.7,22.8
2004/6/21,27.7,24.3
2004/6/22,31.7,22.3
2004/6/23,30.2,21
2004/6/24,30.6,22
2004/6/25,26.1,22.9
2004/6/26,30.3,23.8
2004/6/27,29.5,23
2004/6/28,30.7,23.3
2004/6/29,31.2,24.1
2004/6/30,26.9,20.9
2004/7/1,31.4,21.1
2004/7/2,30,19.9
2004/7/3,29.6,21.4
2004/7/4,29.6,21.6
2004/7/5,30.4,24
2004/7/6,32.3,24.7
2004/7/7,33,23.4
2004/7/8,32.8,26.5
2004/7/9,32.7,27.1
2004/7/10,30,23.4
2004/7/11,32.1,20.8
2004/7/12,29.7,20.1
2004/7/13,34,22.2
2004/7/14,31,22.6
2004/7/15,33.3,23.4
2004/7/16,34.9,24.2
2004/7/17,34.6,23.5
2004/7/18,31.7,24.4
2004/7/19,34,22.5
2004/7/20,35.2,23.1
2004/7/21,36.2,23.3
2004/7/22,32.9,22.8
2004/7/23,33.7,24.4
2004/7/24,33.8,24.7
2004/7/25,33,23.7
2004/7/26,28.5,22.1
2004/7/27,33.5,22.5
2004/7/28,34.3,23.9
2004/7/29,31.6,24.9
2004/7/30,29.9,25.5
2004/7/31,30.9,24.9
2004/8/1,32,22.4
2004/8/2,31.7,21.2
2004/8/3,31.7,21.5
2004/8/4,32.2,22.3
2004/8/5,32,24.9
2004/8/6,31.7,24.9
2004/8/7,31.9,24.5
2004/8/8,31,24.1
2004/8/9,31.9,22
2004/8/10,31.9,22.9
2004/8/11,31.5,24
2004/8/12,33.1,22.4
2004/8/13,33.3,23.2
2004/8/14,33.5,24.5
2004/8/15,27.9,19.3
2004/8/16,29.4,18.4
2004/8/17,29.3,23.3
2004/8/18,32.6,27.6
2004/8/19,32.7,27.4
2004/8/20,34.4,25.7
2004/8/21,29.5,21.7
2004/8/22,31.8,20
2004/8/23,23.9,20.6
2004/8/24,30.1,21
2004/8/25,30.8,22.6
2004/8/26,30,21
2004/8/27,29.7,22.8
2004/8/28,25.1,22
2004/8/29,26.1,20.5
2004/8/30,31.7,20.8
2004/8/31,32.2,25.4
2004/9/1,32.6,24
2004/9/2,32,24.5
2004/9/3,31.7,21.6
2004/9/4,31.9,21.7
2004/9/5,25.6,21.8
2004/9/6,31.4,21.8
2004/9/7,32.5,23.1
2004/9/8,31.7,24.5
2004/9/9,32,22.3
2004/9/10,30.9,21.4
2004/9/11,28.8,21.4
2004/9/12,29.5,20.9
2004/9/13,30.5,20.9
2004/9/14,31.5,23.2
2004/9/15,26.2,18.3
2004/9/16,28.1,14.5
2004/9/17,29.7,18.2
2004/9/18,27.3,22.6
2004/9/19,29.6,22.2
2004/9/20,28.8,22.5
2004/9/21,31.1,24.1
2004/9/22,31.7,23.5
2004/9/23,29,21.9
2004/9/24,26.5,21.3
2004/9/25,30.3,21.3
2004/9/26,27,20.8
2004/9/27,23.5,20.1
2004/9/28,27.2,17.8
2004/9/29,25.3,20.2
2004/9/30,32.5,17.6
2004/10/1,28.8,13.2
2004/10/2,28.1,17.3
2004/10/3,22,18.3
2004/10/4,20.1,17.6
2004/10/5,18.8,17.1
2004/10/6,26.1,14.3
2004/10/7,24.7,12.3
2004/10/8,19.3,14.2
2004/10/9,21.7,17.1
2004/10/10,20.7,17.9
2004/10/11,25.1,17.8
2004/10/12,25.2,18.8
2004/10/13,22.3,18.6
2004/10/14,22.9,12.6
2004/10/15,23.4,9.4
2004/10/16,18.7,9.5
2004/10/17,21.7,7.3
2004/10/18,22.8,9.3
2004/10/19,18.2,15.1
2004/10/20,26.8,16.9
2004/10/21,23.9,14.3
2004/10/22,24.8,12.8
2004/10/23,21.7,11
2004/10/24,20.1,11.3
2004/10/25,24.4,13
2004/10/26,18.1,15.4
2004/10/27,15.5,11.5
2004/10/28,17,6.3
2004/10/29,20.7,4.4
2004/10/30,15.5,11.6
2004/10/31,23.2,15.3
2004/11/1,23.2,16.9
2004/11/2,23.4,13.8
2004/11/3,23.8,11.3
2004/11/4,22.3,8.7
2004/11/5,21.7,7.9
2004/11/6,23.7,11.2
2004/11/7,23.5,9.7
2004/11/8,20.1,10.8
2004/11/9,23.8,9.4
2004/11/10,22.8,9
2004/11/11,23.4,12.4
2004/11/12,23.7,15.9
2004/11/13,20.1,11.3
2004/11/14,18,11.5
2004/11/15,18.3,12
2004/11/16,19.5,8.9
2004/11/17,19.6,7.1
2004/11/18,16,9.6
2004/11/19,15.8,13.1
2004/11/20,20.6,9.5
2004/11/21,19.2,7.8
2004/11/22,19.7,5.2
2004/11/23,19.7,5.3
2004/11/24,20.1,6.4
2004/11/25,20.8,5.8
2004/11/26,19.3,9
2004/11/27,20.5,8
2004/11/28,18.8,7.2
2004/11/29,17.9,7.6
2004/11/30,16.1,5.3
2004/12/1,15.5,5.7
2004/12/2,17.9,3.6
2004/12/3,18,2.9
2004/12/4,15.8,8.4
2004/12/5,25.2,9.5
2004/12/6,17.2,4.6
2004/12/7,17.1,3.9
2004/12/8,18.7,4.9
2004/12/9,14.5,5.1
2004/12/10,18.8,6.9
2004/12/11,18.8,5.6
2004/12/12,15,5.9
2004/12/13,19.5,9.3
2004/12/14,13.6,6.1
2004/12/15,14.3,6.3
2004/12/16,18.4,4.4
2004/12/17,15.9,2
2004/12/18,17,5.2
2004/12/19,14.2,5.8
2004/12/20,17.6,8.3
2004/12/21,15.9,6.7
2004/12/22,14.7,6
2004/12/23,12.1,5.3
2004/12/24,11.3,5.2
2004/12/25,13.1,3.4
2004/12/26,13.9,1.7
2004/12/27,13,3
2004/12/28,12.5,3.3
2004/12/29,6.3,2.4
2004/12/30,10.7,-0.8
2004/12/31,6.1,0.8
2005/1/1,12.2,0.2
2005/1/2,11.4,-3.5
2005/1/3,13.9,-1.9
2005/1/4,16.4,6.3
2005/1/5,11,0.8
2005/1/6,8.4,0.3
2005/1/7,14.8,2.4
2005/1/8,8.1,1.2
2005/1/9,11.7,-1.1
2005/1/10,10.3,-1.5
2005/1/11,9.5,3.3
2005/1/12,10.2,-2.1
2005/1/13,10.4,-4.3
2005/1/14,12.3,-1.7
2005/1/15,7.4,4.1
2005/1/16,10.8,4.3
2005/1/17,14.9,1.4
2005/1/18,13.2,-1.5
2005/1/19,13.5,2.3
2005/1/20,11,2.2
2005/1/21,12.7,-2.1
2005/1/22,11.8,-4.2
2005/1/23,5.7,0.5
2005/1/24,11.8,-0.2
2005/1/25,13.8,0.7
2005/1/26,6.6,0.3
2005/1/27,10.7,-0.8
2005/1/28,12.5,-0.5
2005/1/29,9.4,0.6
2005/1/30,12.9,5.9
2005/1/31,9.9,2.9
2005/2/1,8.3,-1.7
2005/2/2,8.9,-3.3
2005/2/3,10.4,-2.9
2005/2/4,11.2,-3.6
2005/2/5,12.8,1
2005/2/6,11.8,-2.1
2005/2/7,10.5,3.5
2005/2/8,7.1,5.4
2005/2/9,13.7,4.4
2005/2/10,17.3,6.5
2005/2/11,10.1,1.9
2005/2/12,11.7,-0.6
2005/2/13,9.4,0.4
2005/2/14,12.1,-2.2
2005/2/15,14.3,0.7
2005/2/16,9.3,4.7
2005/2/17,10.7,6.5
2005/2/18,9.1,2.9
2005/2/19,9.2,1.3
2005/2/20,13.7,4.3
2005/2/21,11,0.1
2005/2/22,11.2,-1.2
2005/2/23,16.9,6.5
2005/2/24,13.4,4.9
2005/2/25,10.7,3.2
2005/2/26,9.4,0.6
2005/2/27,8.3,-2.4
2005/2/28,11,-1.8
2005/3/1,11.4,0.8
2005/3/2,11.3,0.4
2005/3/3,11,2.9
2005/3/4,9.3,3
2005/3/5,10.6,2.5
2005/3/6,8.7,0.8
2005/3/7,13.4,0.1
2005/3/8,17.1,0.2
2005/3/9,21,9.6
2005/3/10,19,6.1
2005/3/11,15.2,11.6
2005/3/12,15.2,7.1
2005/3/13,11.1,1
2005/3/14,11.4,-2.7
2005/3/15,12,-1.2
2005/3/16,18.3,6.3
2005/3/17,18.2,4.5
2005/3/18,17.5,5.7
2005/3/19,14.1,0.8
2005/3/20,14.4,1.5
2005/3/21,17.2,3.5
2005/3/22,15.5,6.6
2005/3/23,16.2,9
2005/3/24,16.3,7.6
2005/3/25,12.5,5.2
2005/3/26,16.1,5.3
2005/3/27,18.3,2.8
2005/3/28,13.8,10.7
2005/3/29,18.3,9.1
2005/3/30,15.1,5
2005/3/31,17.7,2.2
2005/4/1,16.6,3.7
2005/4/2,16.4,3.6
2005/4/3,20.4,8.2
2005/4/4,14,4.3
2005/4/5,18.2,4
2005/4/6,23.2,5.2
2005/4/7,21.6,12.7
2005/4/8,25.5,13.2
2005/4/9,20.9,9.7
2005/4/10,20.5,12.6
2005/4/11,19.2,9.6
2005/4/12,10.7,8.3
2005/4/13,10.7,7.4
2005/4/14,18.7,4.5
2005/4/15,21.1,6.6
2005/4/16,21,10.1
2005/4/17,23,6.4
2005/4/18,18.7,12.1
2005/4/19,21.7,8.1
2005/4/20,14.6,11.6
2005/4/21,22.7,12.7
2005/4/22,21.4,8.6
2005/4/23,21.1,5.4
2005/4/24,20.1,6.4
2005/4/25,23.3,12
2005/4/26,23.5,11.1
2005/4/27,22.3,8.3
2005/4/28,25.5,13.1
2005/4/29,27.8,18
2005/4/30,25.7,15
2005/5/1,23.5,13.7
2005/5/2,25.9,16.1
2005/5/3,21.8,10.4
2005/5/4,23.4,8
2005/5/5,26.7,13.1
2005/5/6,19.9,11.4
2005/5/7,22,11.9
2005/5/8,25.3,11.2
2005/5/9,25,14.3
2005/5/10,22,12
2005/5/11,21.5,9.9
2005/5/12,20.8,10.1
2005/5/13,17.8,11.4
2005/5/14,19.1,10.4
2005/5/15,21.9,13
2005/5/16,22.4,9.1
2005/5/17,22.9,10.4
2005/5/18,22.8,11.9
2005/5/19,28.4,17.2
2005/5/20,23.2,14.2
2005/5/21,25.5,10.8
2005/5/22,23.4,15.5
2005/5/23,24.9,15.6
2005/5/24,25.9,14.9
2005/5/25,22.5,14
2005/5/26,25.4,13.6
2005/5/27,25.3,12.1
2005/5/28,24.4,15.9
2005/5/29,26.5,14.2
2005/5/30,20.4,15.8
2005/5/31,24.8,15.3
2005/6/1,27,15.3
2005/6/2,22,15.7
2005/6/3,25.5,15.8
2005/6/4,24.8,18.4
2005/6/5,27.2,16.7
2005/6/6,27.5,16.2
2005/6/7,26,15.6
2005/6/8,25.7,16.1
2005/6/9,26.4,15.7
2005/6/10,25.2,19.7
2005/6/11,26.9,20.5
2005/6/12,29.2,20.8
2005/6/13,28.4,19.2
2005/6/14,27.7,19.6
2005/6/15,23.1,18.6
2005/6/16,19.8,17.6
2005/6/17,21.6,17.9
2005/6/18,28.6,18.1
2005/6/19,27,20
2005/6/20,28.5,19.6
2005/6/21,29,19
2005/6/22,25.4,19.4
2005/6/23,25.5,20.6
2005/6/24,29.3,20.8
2005/6/25,28.8,22.6
2005/6/26,29.4,23.7
2005/6/27,31.9,23.6
2005/6/28,34.1,24.9
2005/6/29,27.9,23.5
2005/6/30,31.7,22.6
2005/7/1,26.1,23
2005/7/2,27.8,21.2
2005/7/3,27.1,21.4
2005/7/4,24.2,20
2005/7/5,29.5,23.3
2005/7/6,25.6,21.9
2005/7/7,28.6,21.6
2005/7/8,29.4,19.8
2005/7/9,27.7,21.7
2005/7/10,30.8,23
2005/7/11,32,24.3
2005/7/12,32.5,22.4
2005/7/13,26.7,21.3
2005/7/14,26.1,21.4
2005/7/15,31.6,22.6
2005/7/16,31.4,24.2
2005/7/17,29.9,25.8
2005/7/18,32.2,25.4
2005/7/19,32.5,24.6
2005/7/20,30.4,21.2
2005/7/21,30.3,19.7
2005/7/22,33.4,21
2005/7/23,24.7,21
2005/7/24,26.4,21.2
2005/7/25,30.5,21.6
2005/7/26,26.8,23.3
2005/7/27,34.8,23.7
2005/7/28,32.3,21.7
2005/7/29,32.5,23.2
2005/7/30,32.7,25.6
2005/7/31,32.5,24.3
2005/8/1,32.4,23.3
2005/8/2,32.5,24.9
2005/8/3,32,26.6
2005/8/4,32.3,25.4
2005/8/5,34.4,23.8
2005/8/6,33.9,25.3
2005/8/7,32.9,23.9
2005/8/8,32.2,23.8
2005/8/9,32.4,23.8
2005/8/10,32.9,25
2005/8/11,32.6,24
2005/8/12,28.8,24.6
2005/8/13,31.8,23.5
2005/8/14,32.7,22.9
2005/8/15,35.7,25.2
2005/8/16,30.1,24.6
2005/8/17,32.7,23.4
2005/8/18,33,22.6
2005/8/19,32.1,24.4
2005/8/20,32.7,25.8
2005/8/21,30.2,23.8
2005/8/22,31.2,23.5
2005/8/23,32.1,23.1
2005/8/24,30.1,23
2005/8/25,27,23.4
2005/8/26,34.5,23.9
2005/8/27,32.7,23.2
2005/8/28,30.6,24.2
2005/8/29,31.8,22.1
2005/8/30,31.1,20.3
2005/8/31,28.3,22.2
2005/9/1,32.2,20
2005/9/2,31.5,21.1
2005/9/3,32.3,20.4
2005/9/4,33.1,21.2
2005/9/5,25.7,22.8
2005/9/6,29.9,22.1
2005/9/7,29.3,23.5
2005/9/8,32.2,23.9
2005/9/9,30.3,22.6
2005/9/10,31.3,21.6
2005/9/11,30.4,22.3
2005/9/12,30.6,21.3
2005/9/13,32,24
2005/9/14,31.2,24.9
2005/9/15,27.7,21.1
2005/9/16,26.1,18.1
2005/9/17,27.9,14.9
2005/9/18,30.3,17.4
2005/9/19,29.9,21.8
2005/9/20,29.9,22.4
2005/9/21,28.7,21.8
2005/9/22,25.7,21.7
2005/9/23,31.6,20.2
2005/9/24,25.9,22.2
2005/9/25,29.7,21.4
2005/9/26,21.9,18.6
2005/9/27,23.2,17.9
2005/9/28,23.4,17.7
2005/9/29,24.8,14.2
2005/9/30,25.1,13.3
2005/10/1,26.1,14.1
2005/10/2,29.4,19.1
2005/10/3,27.1,20.3
2005/10/4,27.1,20.4
2005/10/5,22.1,18.2
2005/10/6,24.4,17.4
2005/10/7,26.9,17.5
2005/10/8,28.4,20.1
2005/10/9,23.4,18
2005/10/10,23.7,16.9
2005/10/11,22.5,17.4
2005/10/12,23.7,14.1
2005/10/13,25.5,11.6
2005/10/14,26.4,13.2
2005/10/15,28.8,15.6
2005/10/16,21.8,18
2005/10/17,20.3,16.2
2005/10/18,20,15.7
2005/10/19,23.7,14.3
2005/10/20,23.7,12.5
2005/10/21,23.3,11.4
2005/10/22,20.9,14.4
2005/10/23,22.8,11.2
2005/10/24,22.6,9.5
2005/10/25,22.9,9
2005/10/26,21,11.7
2005/10/27,20.9,11.8
2005/10/28,22.8,9.2
2005/10/29,21.8,13
2005/10/30,21.8,13.8
2005/10/31,19.8,8.6
2005/11/1,19.2,6.5
2005/11/2,20.5,6.3
2005/11/3,19.6,9.5
2005/11/4,22.5,9.9
2005/11/5,22.4,9.4
2005/11/6,19.3,10
2005/11/7,24.5,13.6
2005/11/8,21.8,9.4
2005/11/9,19.5,7.3
2005/11/10,19.1,8.8
2005/11/11,14.8,7.2
2005/11/12,20.3,10.8
2005/11/13,19.8,9.4
2005/11/14,15.9,7.7
2005/11/15,13.8,7.3
2005/11/16,15.7,4.6
2005/11/17,14.8,5.6
2005/11/18,15.4,3.1
2005/11/19,16,3.4
2005/11/20,15.2,4.6
2005/11/21,14.9,2.7
2005/11/22,16.4,1.9
2005/11/23,17.2,4.2
2005/11/24,17.8,3.2
2005/11/25,16.9,3.6
2005/11/26,17.1,3.3
2005/11/27,18.9,3.9
2005/11/28,17.7,3.6
2005/11/29,20.7,8
2005/11/30,16.4,3.4
2005/12/1,14.5,3.4
2005/12/2,17,2.3
2005/12/3,15.5,4.3
2005/12/4,8.8,1.9
2005/12/5,10.7,3.7
2005/12/6,13.5,0.6
2005/12/7,12.4,1.1
2005/12/8,12,0
2005/12/9,13.6,-1.4
2005/12/10,13,1.7
2005/12/11,9.2,3.4
2005/12/12,11.2,1.2
2005/12/13,9.8,-1.2
2005/12/14,10.5,-3.6
2005/12/15,9.4,-2.4
2005/12/16,11.6,-2.2
2005/12/17,11.3,-1.1
2005/12/18,7.4,-0.6
2005/12/19,11.2,-1.8
2005/12/20,11.8,-4.7
2005/12/21,11.4,-0.6
2005/12/22,9.4,-0.6
2005/12/23,8.7,-1.8
2005/12/24,11.5,-2.7
2005/12/25,10.1,-4.8
2005/12/26,12.6,-2.4
2005/12/27,8.5,-4.9
2005/12/28,9.7,-4.3
2005/12/29,10,-1.9
2005/12/30,10.8,0.6
2005/12/31,11,1.1
2006/1/1,11.1,2.4
2006/1/2,7.6,2.1
2006/1/3,12,0.7
2006/1/4,8.7,1.6
2006/1/5,4.3,-1.6
2006/1/6,3,-1.9
2006/1/7,7.8,-4
2006/1/8,8.2,-4.3
2006/1/9,8.3,-3.9
2006/1/10,10.5,-0.2
2006/1/11,11.1,-2.5
2006/1/12,10.7,0.1
2006/1/13,11.8,0.7
2006/1/14,14.3,5.7
2006/1/15,12.1,6.8
2006/1/16,14.8,7.2
2006/1/17,12.4,3.7
2006/1/18,6.9,2.9
2006/1/19,10.2,0.1
2006/1/20,6.9,-0.4
2006/1/21,5.3,2.1
2006/1/22,8.9,1.3
2006/1/23,9.3,-2.5
2006/1/24,9.8,-5.2
2006/1/25,10,-4.2
2006/1/26,10.6,-3.8
2006/1/27,10.1,-3.1
2006/1/28,12.4,-1.2
2006/1/29,12.1,-2
2006/1/30,18.7,2.6
2006/1/31,10.4,4.7
2006/2/1,9.2,6.5
2006/2/2,13.5,3.7
2006/2/3,11.8,3.6
2006/2/4,6.4,-1.3
2006/2/5,7.5,-4
2006/2/6,8.9,-3.4
2006/2/7,13.4,1.6
2006/2/8,11.2,2.4
2006/2/9,9.5,-2
2006/2/10,10.8,-3.8
2006/2/11,13.4,-2.2
2006/2/12,11.4,-1
2006/2/13,12.4,-3.7
2006/2/14,19.9,-1.6
2006/2/15,21.6,12.8
2006/2/16,13.2,7.8
2006/2/17,11.8,4
2006/2/18,10.6,0.3
2006/2/19,11.1,1.5
2006/2/20,9,5.9
2006/2/21,13.5,5.6
2006/2/22,15.8,2.6
2006/2/23,17.3,6.3
2006/2/24,9.2,5.1
2006/2/25,13.6,1.5
2006/2/26,12.5,7.8
2006/2/27,14.5,8.1
2006/2/28,8.2,5
2006/3/1,10.7,5.3
2006/3/2,12.3,4.7
2006/3/3,12,0.5
2006/3/4,12,0.9
2006/3/5,14.1,-1.5
2006/3/6,13.6,5.8
2006/3/7,13.9,6
2006/3/8,20.4,6.6
2006/3/9,13.5,7.1
2006/3/10,12,6.1
2006/3/11,16.4,4.1
2006/3/12,17.1,10.3
2006/3/13,11.1,0.9
2006/3/14,10.3,-1.8
2006/3/15,12.7,-1.7
2006/3/16,16.1,3.6
2006/3/17,22,7.6
2006/3/18,16.9,3.3
2006/3/19,16.8,3.2
2006/3/20,13.2,0.2
2006/3/21,16.1,-0.2
2006/3/22,13.8,1.6
2006/3/23,13.9,7.7
2006/3/24,16.9,8.5
2006/3/25,16.1,6.1
2006/3/26,17.5,5.1
2006/3/27,17.8,6
2006/3/28,20.1,7.9
2006/3/29,14.3,6.4
2006/3/30,12.7,3.2
2006/3/31,14,-1.1
2006/4/1,15.6,1.5
2006/4/2,17.6,8.3
2006/4/3,23.7,8.4
2006/4/4,19.8,5.6
2006/4/5,12.4,10.1
2006/4/6,16.8,9.4
2006/4/7,16.7,7.1
2006/4/8,18.1,6
2006/4/9,17.9,7.5
2006/4/10,14.6,7.8
2006/4/11,15,10.4
2006/4/12,20.4,12.7
2006/4/13,19.5,11.3
2006/4/14,15,11.2
2006/4/15,16.9,8.1
2006/4/16,15,6.5
2006/4/17,17.5,7.3
2006/4/18,21,5.8
2006/4/19,21.2,10.3
2006/4/20,21.5,13.1
2006/4/21,18.3,8.7
2006/4/22,17.2,4.9
2006/4/23,15.5,10.4
2006/4/24,24.3,13.6
2006/4/25,19.4,7.7
2006/4/26,18.8,5.4
2006/4/27,18,10
2006/4/28,20.9,8.9
2006/4/29,19.6,10.3
2006/4/30,23,8.9
2006/5/1,27.7,17.4
2006/5/2,20,11.6
2006/5/3,20.1,7.4
2006/5/4,21.3,12.1
2006/5/5,22.4,16.4
2006/5/6,23.3,17.4
2006/5/7,19.6,16.4
2006/5/8,23.8,14
2006/5/9,22,13.3
2006/5/10,23.8,16.1
2006/5/11,22.5,17.6
2006/5/12,20.2,12.8
2006/5/13,14.9,11.2
2006/5/14,20.4,12.4
2006/5/15,23.5,13.9
2006/5/16,20.9,14.5
2006/5/17,22.9,13.5
2006/5/18,18.1,14.6
2006/5/19,24.2,14.4
2006/5/20,26.8,17.1
2006/5/21,25.9,16.4
2006/5/22,22.2,15.8
2006/5/23,25,17.9
2006/5/24,25.8,14.5
2006/5/25,23.5,12.4
2006/5/26,20.9,15.9
2006/5/27,19.3,15.1
2006/5/28,24.3,17.7
2006/5/29,26.1,19.1
2006/5/30,28.3,17.8
2006/5/31,26.6,15.7
2006/6/1,31.5,14.8
2006/6/2,24.5,17.2
2006/6/3,24.6,16.5
2006/6/4,23.6,14.6
2006/6/5,25.6,14.8
2006/6/6,24.9,15.5
2006/6/7,25.7,16.4
2006/6/8,22.5,17.8
2006/6/9,20.6,17
2006/6/10,26.4,18.1
2006/6/11,19.6,16.5
2006/6/12,25.8,18
2006/6/13,24.4,19.4
2006/6/14,27.1,19.2
2006/6/15,24.4,18.8
2006/6/16,25,19.3
2006/6/17,28,20.5
2006/6/18,23.3,20.5
2006/6/19,30.3,20.4
2006/6/20,28.5,20
2006/6/21,28.7,19.5
2006/6/22,26.3,21
2006/6/23,24.5,20.3
2006/6/24,28.7,19.6
2006/6/25,26.3,21
2006/6/26,23.9,19.9
2006/6/27,27.8,20.9
2006/6/28,29.8,21.7
2006/6/29,30.5,20.8
2006/6/30,29,22.8
2006/7/1,30.5,24.6
2006/7/2,29.5,22.9
2006/7/3,28.9,21.6
2006/7/4,29.9,22.3
2006/7/5,24.1,21
2006/7/6,28.6,23.3
2006/7/7,28.2,23.1
2006/7/8,29.1,23
2006/7/9,28.2,23.2
2006/7/10,28.1,22.8
2006/7/11,29.7,23.8
2006/7/12,27.5,25.6
2006/7/13,31.6,25.2
2006/7/14,34.2,24.1
2006/7/15,34.8,24.6
2006/7/16,31.5,25.1
2006/7/17,29.7,23.2
2006/7/18,25.4,20.4
2006/7/19,26.2,20.8
2006/7/20,24.5,20.9
2006/7/21,21.5,19.5
2006/7/22,27.9,21
2006/7/23,24.3,22
2006/7/24,29.5,22
2006/7/25,30.7,23.6
2006/7/26,31.4,23
2006/7/27,32.7,22.9
2006/7/28,30.9,24.1
2006/7/29,34,22.4
2006/7/30,29.9,22.8
2006/7/31,28,21.6
2006/8/1,28.1,21.1
2006/8/2,30.1,21.3
2006/8/3,31.1,22.1
2006/8/4,32,20.8
2006/8/5,35,22.7
2006/8/6,33.8,22.6
2006/8/7,33.9,22.2
2006/8/8,26.9,22.8
2006/8/9,29.4,23
2006/8/10,32.5,22.3
2006/8/11,33.1,23.6
2006/8/12,31.4,22.5
2006/8/13,31.4,22.5
2006/8/14,32,23
2006/8/15,32.9,25.9
2006/8/16,33.2,25.3
2006/8/17,31.5,25.5
2006/8/18,33.4,25.8
2006/8/19,33.6,25.1
2006/8/20,32.2,24.2
2006/8/21,33.1,22.7
2006/8/22,31.9,24
2006/8/23,31.7,24
2006/8/24,32.1,24.4
2006/8/25,31.4,23.4
2006/8/26,29.6,22.7
2006/8/27,28.6,22.8
2006/8/28,27.7,22.7
2006/8/29,31.1,23.5
2006/8/30,29.7,24.6
2006/8/31,31.6,21.7
2006/9/1,23.4,18.6
2006/9/2,30.5,17.2
2006/9/3,30.8,17.9
2006/9/4,30.2,19.4
2006/9/5,31.9,20.1
2006/9/6,28.4,22.4
2006/9/7,31.4,21.5
2006/9/8,32.4,23.5
2006/9/9,32.8,23.6
2006/9/10,32.5,24.3
2006/9/11,29.7,22.8
2006/9/12,28,21.2
2006/9/13,24.1,20.5
2006/9/14,24.1,18.9
2006/9/15,25.9,18.5
2006/9/16,26.6,19.2
2006/9/17,28.8,18.4
2006/9/18,27.4,20.7
2006/9/19,31.1,21.9
2006/9/20,30,17.9
2006/9/21,29.1,19.4
2006/9/22,27.1,19.6
2006/9/23,26.1,18.6
2006/9/24,26.1,13.5
2006/9/25,25.7,18.7
2006/9/26,22.1,18.2
2006/9/27,26.5,17
2006/9/28,29.1,16
2006/9/29,26.2,18.3
2006/9/30,25.5,17.2
2006/10/1,21.4,16.2
2006/10/2,24.9,17.1
2006/10/3,26.9,18.7
2006/10/4,25.6,18.3
2006/10/5,22.1,18.8
2006/10/6,21.4,18.5
2006/10/7,27.7,14.3
2006/10/8,27.2,12.4
2006/10/9,26.5,11.2
2006/10/10,26.2,15.1
2006/10/11,26.8,15
2006/10/12,28.5,16.2
2006/10/13,25.5,14.8
2006/10/14,22.8,14.2
2006/10/15,24.9,10.6
2006/10/16,25.2,11.2
2006/10/17,25.3,16.2
2006/10/18,25.4,14.4
2006/10/19,25.7,12.7
2006/10/20,23.7,13.2
2006/10/21,23.7,12.8
2006/10/22,23.6,14.8
2006/10/23,22.5,16.7
2006/10/24,20.3,13.9
2006/10/25,23.6,12.1
2006/10/26,24.2,15.2
2006/10/27,23.7,14.2
2006/10/28,24.4,12.7
2006/10/29,23.8,15.8
2006/10/30,23.3,13.7
2006/10/31,24.3,11.4
2006/11/1,22.3,11.1
2006/11/2,20.5,12.3
2006/11/3,22.4,10.9
2006/11/4,22.2,11.4
2006/11/5,22.5,9.2
2006/11/6,21.5,11
2006/11/7,21.4,8.3
2006/11/8,18.7,3.8
2006/11/9,20.5,6.3
2006/11/10,23.1,10.9
2006/11/11,16.2,12.7
2006/11/12,18.3,4.2
2006/11/13,17,2.7
2006/11/14,21.5,6.2
2006/11/15,19.2,8.1
2006/11/16,18.7,8.2
2006/11/17,16.6,6.5
2006/11/18,15.9,4.3
2006/11/19,12.7,10.1
2006/11/20,19.2,11.9
2006/11/21,19.6,9.2
2006/11/22,19.1,8.6
2006/11/23,16.1,9.3
2006/11/24,14.7,5.2
2006/11/25,14.8,2.2
2006/11/26,16.9,3.9
2006/11/27,17.9,13.4
2006/11/28,17.4,11.9
2006/11/29,19.7,8.8
2006/11/30,15,5.5
2006/12/1,15,3.7
2006/12/2,15.1,2.5
2006/12/3,13.2,2.8
2006/12/4,13,1
2006/12/5,13,0.3
2006/12/6,13.8,0.5
2006/12/7,15.7,5
2006/12/8,14.7,10.5
2006/12/9,10.7,9
2006/12/10,13.9,8.8
2006/12/11,12.4,4.7
2006/12/12,9.5,4
2006/12/13,13.7,5.3
2006/12/14,13.6,7.7
2006/12/15,14.2,8.6
2006/12/16,15,5.3
2006/12/17,15.1,7.5
2006/12/18,13.7,2
2006/12/19,13.6,0.7
2006/12/20,14.5,0.7
2006/12/21,16,2.7
2006/12/22,12.4,4.8
2006/12/23,13.3,2.2
2006/12/24,13.6,0.4
2006/12/25,13,4.8
2006/12/26,12.3,7
2006/12/27,20.2,8.7
2006/12/28,14.4,5.6
2006/12/29,9.5,-0.8
2006/12/30,11.2,-3.5
2006/12/31,11.7,-1.8
2007/1/1,12.3,-2
2007/1/2,11.2,3
2007/1/3,12.2,7
2007/1/4,12,2.3
2007/1/5,11.6,-0.8
2007/1/6,10.8,5.3
2007/1/7,12.5,4.3
2007/1/8,12.9,0.7
2007/1/9,12.1,-1.1
2007/1/10,12.7,1.5
2007/1/11,11.2,-0.6
2007/1/12,11.5,1.9
2007/1/13,12.2,-0.9
2007/1/14,11.8,0.7
2007/1/15,12.2,-0.7
2007/1/16,13.4,0
2007/1/17,8.5,6.7
2007/1/18,13.4,3.2
2007/1/19,12,1.4
2007/1/20,7.7,3.9
2007/1/21,11.6,3
2007/1/22,12.2,2.2
2007/1/23,13,-0.6
2007/1/24,12.2,3.2
2007/1/25,12.9,2.1
2007/1/26,13.3,-0.2
2007/1/27,13.9,4.2
2007/1/28,11.6,1.6
2007/1/29,13.6,3.3
2007/1/30,14.4,-0.2
2007/1/31,15.1,2.7
2007/2/1,11.8,1.1
2007/2/2,11.4,-2.9
2007/2/3,11,-4.7
2007/2/4,15.3,2.7
2007/2/5,16.6,-0.5
2007/2/6,17,5.4
2007/2/7,15,2.7
2007/2/8,14.8,1.9
2007/2/9,13.6,8.6
2007/2/10,18,6.4
2007/2/11,15.8,2.5
2007/2/12,13.7,-0.3
2007/2/13,14.6,1.2
2007/2/14,19,3.1
2007/2/15,14.8,4.1
2007/2/16,14.2,-0.5
2007/2/17,13.9,1.6
2007/2/18,11.7,7.3
2007/2/19,13.7,6.8
2007/2/20,9.5,4.6
2007/2/21,15.4,2.9
2007/2/22,15.9,1.6
2007/2/23,14.7,6.6
2007/2/24,10.6,4.1
2007/2/25,7.5,1.9
2007/2/26,12.3,-0.3
2007/2/27,16.8,1.1
2007/2/28,18.2,3.2
2007/3/1,16.2,0
2007/3/2,16.6,3.7
2007/3/3,19.1,8.3
2007/3/4,20.9,5.6
2007/3/5,19.9,12.3
2007/3/6,17.4,4.9
2007/3/7,12.2,2.6
2007/3/8,13,-0.4
2007/3/9,14.1,0.1
2007/3/10,15.4,1.3
2007/3/11,16.7,5.8
2007/3/12,12.1,4.3
2007/3/13,15.9,-0.1
2007/3/14,14.5,-0.6
2007/3/15,12.5,1.9
2007/3/16,12.4,6.6
2007/3/17,10.5,3.6
2007/3/18,13.3,0.5
2007/3/19,13.2,2.3
2007/3/20,15,4.2
2007/3/21,15,1.3
2007/3/22,17.5,1.8
2007/3/23,17.1,3.3
2007/3/24,17.6,4.2
2007/3/25,20,12.2
2007/3/26,21,8.6
2007/3/27,19.4,6.2
2007/3/28,19.6,7.5
2007/3/29,22.7,6.7
2007/3/30,24.3,11.2
2007/3/31,17.4,10.2
2007/4/1,28.7,14
2007/4/2,17.7,12.8
2007/4/3,14.9,6.7
2007/4/4,15.4,3.9
2007/4/5,15.1,1.2
2007/4/6,17.6,3.4
2007/4/7,18.3,5.2
2007/4/8,18.6,6.7
2007/4/9,19.1,8.5
2007/4/10,19.4,7.1
2007/4/11,18.6,6.3
2007/4/12,19,7.6
2007/4/13,19.9,9.2
2007/4/14,23.3,10.1
2007/4/15,19.9,6.7
2007/4/16,13.2,8.4
2007/4/17,14.4,8.1
2007/4/18,12.5,6.7
2007/4/19,17.3,6.8
2007/4/20,17.9,9.1
2007/4/21,23.2,14.3
2007/4/22,21.5,16.2
2007/4/23,19.6,13.1
2007/4/24,16.2,12.4
2007/4/25,16.5,12
2007/4/26,22.7,9.5
2007/4/27,18.4,7.9
2007/4/28,22.4,8.2
2007/4/29,20.7,5.2
2007/4/30,25.2,6.5
2007/5/1,18.2,13.1
2007/5/2,24.3,12.8
2007/5/3,23,10
2007/5/4,25.4,11.7
2007/5/5,25.6,16.8
2007/5/6,19.2,15.8
2007/5/7,22.7,14.6
2007/5/8,25.6,11.7
2007/5/9,27.8,12.8
2007/5/10,24.9,13
2007/5/11,26.4,12.8
2007/5/12,24.6,9.7
2007/5/13,25.9,14.8
2007/5/14,23.9,13.6
2007/5/15,26.1,12.7
2007/5/16,22.5,10.3
2007/5/17,21.6,13.9
2007/5/18,25.4,14.6
2007/5/19,26.3,15.1
2007/5/20,23.7,12.1
2007/5/21,24,10.5
2007/5/22,25.9,15.3
2007/5/23,25,14.4
2007/5/24,25.4,18.7
2007/5/25,22.4,17
2007/5/26,28.2,16
2007/5/27,29.4,13.2
2007/5/28,20.9,14.7
2007/5/29,22.9,11.6
2007/5/30,23.3,12.7
2007/5/31,23.5,13.3
2007/6/1,23.2,12.2
2007/6/2,25.3,15.1
2007/6/3,25.6,14.3
2007/6/4,26.8,14.7
2007/6/5,24.9,14.5
2007/6/6,26,17.9
2007/6/7,26.7,19.1
2007/6/8,25.6,18.7
2007/6/9,22.8,16.9
2007/6/10,25,16.1
2007/6/11,28.4,15.9
2007/6/12,28.9,14.9
2007/6/13,27.6,17.9
2007/6/14,24.2,18
2007/6/15,29.7,18.5
2007/6/16,28.1,17.2
2007/6/17,26.7,16.6
2007/6/18,24.4,18.8
2007/6/19,28.1,19.9
2007/6/20,28.7,19.2
2007/6/21,29,22.1
2007/6/22,25.6,22.7
2007/6/23,29.1,20.1
2007/6/24,25.2,17.9
2007/6/25,24.3,17.5
2007/6/26,25,20
2007/6/27,30.6,19.7
2007/6/28,30.2,19.2
2007/6/29,30.8,24.2
2007/6/30,32.4,20.8
2007/7/1,26.1,20.3
2007/7/2,25.3,21.8
2007/7/3,29.9,21.9
2007/7/4,28.1,22.3
2007/7/5,30.1,21.7
2007/7/6,30.1,20.5
2007/7/7,27.3,21.1
2007/7/8,27.6,19.7
2007/7/9,28.2,20.5
2007/7/10,25.9,19.7
2007/7/11,27.9,20.8
2007/7/12,28.8,22.6
2007/7/13,24.1,22.3
2007/7/14,23,20.9
2007/7/15,31.6,20.9
2007/7/16,25.7,21.9
2007/7/17,24.4,20.1
2007/7/18,24.6,20
2007/7/19,27.8,18.6
2007/7/20,28.6,21.2
2007/7/21,25.9,21.9
2007/7/22,30.3,21.9
2007/7/23,31.6,23.2
2007/7/24,31.3,22.6
2007/7/25,29.6,21
2007/7/26,31.8,24.3
2007/7/27,33.2,23.2
2007/7/28,32.4,24
2007/7/29,33.8,23.5
2007/7/30,25.8,20.3
2007/7/31,29.8,20.3
2007/8/1,31.7,18.6
2007/8/2,32.9,23.3
2007/8/3,32.5,23.6
2007/8/4,31.8,26.5
2007/8/5,31.7,26.1
2007/8/6,31.2,26
2007/8/7,31.4,22.9
2007/8/8,32.9,25.7
2007/8/9,33.5,25.8
2007/8/10,33.7,26.4
2007/8/11,34.3,24.1
2007/8/12,33.6,22.9
2007/8/13,35.3,24.4
2007/8/14,34,25
2007/8/15,33.9,25
2007/8/16,34.3,26.9
2007/8/17,35.3,26.2
2007/8/18,30.2,24.7
2007/8/19,31.6,24.5
2007/8/20,35.5,22
2007/8/21,33.3,24.5
2007/8/22,34,26.4
2007/8/23,30,23.2
2007/8/24,31.5,22.9
2007/8/25,33.4,23.3
2007/8/26,34.3,23.8
2007/8/27,32.7,24.4
2007/8/28,33.4,25.8
2007/8/29,30,23.6
2007/8/30,29.8,23.4
2007/8/31,28.2,21.7
2007/9/1,26.2,22.3
2007/9/2,28.8,19.1
2007/9/3,29.8,22.2
2007/9/4,33.2,22.1
2007/9/5,31.6,24.4
2007/9/6,27.8,23.6
2007/9/7,32.1,23.7
2007/9/8,31.8,24.4
2007/9/9,30.6,23.6
2007/9/10,26.7,22.6
2007/9/11,29.6,23
2007/9/12,25,19
2007/9/13,26.5,17.2
2007/9/14,31,20.1
2007/9/15,30.6,22
2007/9/16,31.2,23.9
2007/9/17,32.1,25.7
2007/9/18,31.6,23.3
2007/9/19,29.1,22.9
2007/9/20,31.7,21.8
2007/9/21,31.3,19.7
2007/9/22,32.2,21.5
2007/9/23,28.7,21.4
2007/9/24,27.9,20.9
2007/9/25,28.4,20.2
2007/9/26,26.7,19.8
2007/9/27,29.6,18.5
2007/9/28,30.9,22.4
2007/9/29,24.5,16
2007/9/30,18.8,15.2
2007/10/1,21.7,16.6
2007/10/2,25,17.2
2007/10/3,23.9,18.4
2007/10/4,26.5,15.6
2007/10/5,27,17
2007/10/6,25.1,14.2
2007/10/7,24.6,12.8
2007/10/8,25.1,17.9
2007/10/9,23.3,17.7
2007/10/10,23.1,15.3
2007/10/11,24.2,14.7
2007/10/12,25.9,15.3
2007/10/13,22.6,17.6
2007/10/14,19.3,14.6
2007/10/15,23.3,14.6
2007/10/16,22.3,14.1
2007/10/17,23.1,11.9
2007/10/18,22.2,12.9
2007/10/19,21.3,14.1
2007/10/20,23.6,11.8
2007/10/21,21.4,9.9
2007/10/22,21.8,9.4
2007/10/23,23,11.3
2007/10/24,21.7,8.9
2007/10/25,22.9,9.8
2007/10/26,22.3,15.1
2007/10/27,19.4,14.8
2007/10/28,25.6,10.3
2007/10/29,25.4,12.7
2007/10/30,25.1,13.4
2007/10/31,21.8,12.5
2007/11/1,20.7,12.5
2007/11/2,19.7,14
2007/11/3,20.2,11.6
2007/11/4,20.7,7.9
2007/11/5,22,10.6
2007/11/6,20.1,14.3
2007/11/7,20,12.9
2007/11/8,21.8,11.4
2007/11/9,21.4,11.8
2007/11/10,16.3,13.2
2007/11/11,22.6,11
2007/11/12,20.6,7.7
2007/11/13,22.7,7
2007/11/14,21.3,10.9
2007/11/15,20.6,7
2007/11/16,13.3,8.6
2007/11/17,16.8,4.9
2007/11/18,17,3.7
2007/11/19,15.2,4.4
2007/11/20,16.5,4.5
2007/11/21,16.8,2.5
2007/11/22,14.3,2.9
2007/11/23,15.1,2.7
2007/11/24,16.4,1.1
2007/11/25,18.9,2.9
2007/11/26,17.4,3.9
2007/11/27,15,6.9
2007/11/28,12.3,9.5
2007/11/29,12.2,10.2
2007/11/30,13.8,8.1
2007/12/1,16.6,5.2
2007/12/2,16.4,3.3
2007/12/3,12.2,5.4
2007/12/4,14.9,3
2007/12/5,13.4,2.3
2007/12/6,13.7,0.1
2007/12/7,18.2,2.9
2007/12/8,16.4,3.3
2007/12/9,14.8,2
2007/12/10,14.6,2.5
2007/12/11,13.3,3.6
2007/12/12,16.4,6.7
2007/12/13,15.3,6.8
2007/12/14,15.5,3.7
2007/12/15,14,1.4
2007/12/16,14,1.6
2007/12/17,11.3,0.6
2007/12/18,14.1,-0.7
2007/12/19,11,0.6
2007/12/20,13.8,0.3
2007/12/21,15,0
2007/12/22,11.9,4.6
2007/12/23,16,6.1
2007/12/24,17.1,4.3
2007/12/25,10.6,2
2007/12/26,10.9,-1.1
2007/12/27,13.4,-1.6
2007/12/28,16.2,2.1
2007/12/29,14.2,10
2007/12/30,12.2,5.3
2007/12/31,8.8,4
2008/1/1,10.2,-0.3
2008/1/2,10.3,-2.6
2008/1/3,10.4,-2.6
2008/1/4,12.4,-2.5
2008/1/5,12.4,0.1
2008/1/6,14.6,-1.6
2008/1/7,10.9,2.7
2008/1/8,13.8,4
2008/1/9,14.4,3.1
2008/1/10,14,-0.1
2008/1/11,15.3,0.8
2008/1/12,13.4,5.3
2008/1/13,6.1,4.6
2008/1/14,7.6,3.4
2008/1/15,11.2,1.4
2008/1/16,12.8,3.4
2008/1/17,10.7,3.4
2008/1/18,7,-1
2008/1/19,10.6,-2.1
2008/1/20,9.4,-0.4
2008/1/21,6.3,0.3
2008/1/22,7.2,-1.8
2008/1/23,6.1,2.9
2008/1/24,13.1,-1.7
2008/1/25,9,-3.9
2008/1/26,7.7,-1.1
2008/1/27,9.2,1.2
2008/1/28,9.9,-0.2
2008/1/29,7.1,4.2
2008/1/30,12.4,2.9
2008/1/31,9.2,1.9
2008/2/1,11.1,-1.8
2008/2/2,11.5,-0.2
2008/2/3,5.6,1.5
2008/2/4,11.6,-1.3
2008/2/5,11.9,-0.8
2008/2/6,8.2,1.9
2008/2/7,11.6,0.8
2008/2/8,11.4,-2.6
2008/2/9,10.4,-1.3
2008/2/10,13,1.7
2008/2/11,12.4,-1.2
2008/2/12,8.4,3.7
2008/2/13,8.7,-1.7
2008/2/14,9.9,-4.1
2008/2/15,11.9,-3
2008/2/16,11.3,-2.3
2008/2/17,10.8,-2.4
2008/2/18,10.1,-4.9
2008/2/19,10.5,-2.7
2008/2/20,13,-2.3
2008/2/21,15.1,-0.4
2008/2/22,16.6,-1
2008/2/23,15.3,1.8
2008/2/24,11.9,-1.8
2008/2/25,11.1,-3.1
2008/2/26,11.6,2.6
2008/2/27,12.6,3
2008/2/28,11.5,-2.3
2008/2/29,14.9,-1.7
2008/3/1,15.3,3.4
2008/3/2,13.5,-0.3
2008/3/3,16.4,1.4
2008/3/4,13.4,1
2008/3/5,9.2,-0.2
2008/3/6,12,-2.6
2008/3/7,14.5,-0.2
2008/3/8,13.9,0.3
2008/3/9,15.9,0.5
2008/3/10,17,6.4
2008/3/11,17.8,4.4
2008/3/12,14.9,5.2
2008/3/13,16.5,5.7
2008/3/14,16.2,7.7
2008/3/15,20.5,10.9
2008/3/16,19.4,7.9
2008/3/17,19,7.2
2008/3/18,18.1,7.5
2008/3/19,15.2,7.9
2008/3/20,11.8,8.4
2008/3/21,18.9,7.3
2008/3/22,19.5,3.7
2008/3/23,21,6.6
2008/3/24,19.3,8.9
2008/3/25,20.1,5.5
2008/3/26,20.4,8.3
2008/3/27,16.7,8.4
2008/3/28,19.5,8.5
2008/3/29,17.1,3.9
2008/3/30,12.7,4.8
2008/3/31,10.4,2.7
2008/4/1,18.9,1.6
2008/4/2,18,2
2008/4/3,20.4,5.7
2008/4/4,18.7,5.6
2008/4/5,19.2,5.1
2008/4/6,20.3,4.9
2008/4/7,18.7,6
2008/4/8,16,11.1
2008/4/9,20.1,8.2
2008/4/10,11.9,9.6
2008/4/11,20.6,11.2
2008/4/12,20.8,13.8
2008/4/13,18.6,11
2008/4/14,18.9,10.4
2008/4/15,21.6,7.3
2008/4/16,21,11.6
2008/4/17,19.9,13.1
2008/4/18,21.6,12.8
2008/4/19,20.2,10.6
2008/4/20,23.3,10.6
2008/4/21,23.2,10.5
2008/4/22,23.1,11.1
2008/4/23,24.5,15.1
2008/4/24,19.5,15
2008/4/25,20.5,14.1
2008/4/26,17.5,10.8
2008/4/27,23.9,11.2
2008/4/28,21.7,10.3
2008/4/29,22.7,9.9
2008/4/30,25.2,13.2
2008/5/1,24.4,14.8
2008/5/2,21.1,15.7
2008/5/3,27.2,17
2008/5/4,26.1,15.8
2008/5/5,21.8,17.5
2008/5/6,24.6,14.8
2008/5/7,25.8,14.3
2008/5/8,25.6,13.1
2008/5/9,24.1,14.8
2008/5/10,14.9,11.1
2008/5/11,16.4,10.2
2008/5/12,15.9,10
2008/5/13,20.5,9.8
2008/5/14,21.8,11.5
2008/5/15,22.8,10.9
2008/5/16,24,12.2
2008/5/17,24.4,12.5
2008/5/18,24.9,14.1
2008/5/19,25.3,14
2008/5/20,26.5,14.5
2008/5/21,24.7,11.9
2008/5/22,25.8,12.6
2008/5/23,27.4,19.2
2008/5/24,24.4,17.7
2008/5/25,26.4,17.8
2008/5/26,27.7,16.9
2008/5/27,27.3,14.7
2008/5/28,26.5,15.9
2008/5/29,19.9,16.3
2008/5/30,22.7,16
2008/5/31,20,14.3
2008/6/1,24.7,13
2008/6/2,21.4,15
2008/6/3,19.2,15.1
2008/6/4,23.8,15.7
2008/6/5,21.9,17.8
2008/6/6,27.6,17.9
2008/6/7,26.5,17
2008/6/8,25.7,19.1
2008/6/9,24.4,19.5
2008/6/10,26.9,16.7
2008/6/11,26.1,19.9
2008/6/12,21.2,15.2
2008/6/13,26.6,14.3
2008/6/14,28.5,16.9
2008/6/15,23.9,17.9
2008/6/16,27.3,17.2
2008/6/17,25.8,18.9
2008/6/18,26.6,19.7
2008/6/19,25.8,20.5
2008/6/20,24.2,20.6
2008/6/21,26.5,21.2
2008/6/22,23.4,20.1
2008/6/23,24,19
2008/6/24,24.3,18.9
2008/6/25,27,18.6
2008/6/26,21.2,18.2
2008/6/27,25.1,17.8
2008/6/28,26.4,19.5
2008/6/29,23.8,19.9
2008/6/30,24,18.7
2008/7/1,26.2,17.3
2008/7/2,27.8,18.8
2008/7/3,24.9,21
2008/7/4,30.6,21.4
2008/7/5,31.4,23.5
2008/7/6,31.6,23.2
2008/7/7,27,22.5
2008/7/8,27.4,21.4
2008/7/9,27.9,21.5
2008/7/10,27.2,21.3
2008/7/11,29.1,22.6
2008/7/12,34,24
2008/7/13,31.9,21.6
2008/7/14,32.6,25
2008/7/15,32.4,23
2008/7/16,28.8,24.3
2008/7/17,31.9,25.3
2008/7/18,29.7,25.4
2008/7/19,34.2,23.6
2008/7/20,32.9,25.6
2008/7/21,31.6,24.4
2008/7/22,33.6,25.1
2008/7/23,33.6,23.7
2008/7/24,33.4,26.9
2008/7/25,33.9,27.2
2008/7/26,34.4,25.8
2008/7/27,34.6,25.4
2008/7/28,35,23.8
2008/7/29,34.9,22.9
2008/7/30,31.9,23.7
2008/7/31,32.2,22.7
2008/8/1,30.9,23.3
2008/8/2,32.5,24.3
2008/8/3,33.7,25.2
2008/8/4,34.8,26.8
2008/8/5,34.4,25.1
2008/8/6,33.8,24.8
2008/8/7,34.4,23.4
2008/8/8,34.4,25.6
2008/8/9,35.4,23.4
2008/8/10,32.4,23.1
2008/8/11,34,23.2
2008/8/12,32.8,24.3
2008/8/13,34.1,24.7
2008/8/14,33.4,26.8
2008/8/15,33.7,27.4
2008/8/16,34.3,25.4
2008/8/17,31,23.1
2008/8/18,31.5,22.9
2008/8/19,34.4,24.3
2008/8/20,34,22.1
2008/8/21,32.8,20.3
2008/8/22,26.6,20.5
2008/8/23,25.9,20.7
2008/8/24,24.1,21.5
2008/8/25,24.1,21.8
2008/8/26,30.8,20.8
2008/8/27,31.1,21.1
2008/8/28,28.9,23.8
2008/8/29,32.1,23.4
2008/8/30,28.2,22.3
2008/8/31,31.9,22.4
2008/9/1,31.2,22.4
2008/9/2,32.5,22.8
2008/9/3,32.3,23.5
2008/9/4,32.4,22.7
2008/9/5,33,21.6
2008/9/6,32.1,23.7
2008/9/7,32.2,22.2
2008/9/8,31.4,21
2008/9/9,30.2,19.4
2008/9/10,28.3,17
2008/9/11,30.1,16.1
2008/9/12,30,18.7
2008/9/13,31.1,20.5
2008/9/14,30.4,22.2
2008/9/15,26.8,20.9
2008/9/16,25.8,19.2
2008/9/17,29.1,17.3
2008/9/18,23.3,21.1
2008/9/19,26.1,20.9
2008/9/20,30.8,20.8
2008/9/21,26.1,21.8
2008/9/22,25.5,19
2008/9/23,27.9,19.3
2008/9/24,28.5,19.4
2008/9/25,29.1,19.1
2008/9/26,30,21.2
2008/9/27,24.3,15.3
2008/9/28,23.4,14.6
2008/9/29,18.5,15.9
2008/9/30,20.1,15.8
2008/10/1,22.8,15.7
2008/10/2,24.2,12.6
2008/10/3,23.4,13.6
2008/10/4,25.7,13.7
2008/10/5,25.8,14.5
2008/10/6,21.7,17.2
2008/10/7,26.4,17
2008/10/8,23.5,17.7
2008/10/9,26.3,14.9
2008/10/10,27.6,14.1
2008/10/11,25.1,15.5
2008/10/12,21.9,13.5
2008/10/13,25.8,14.2
2008/10/14,23.4,15.6
2008/10/15,25.9,16.8
2008/10/16,24.2,13.3
2008/10/17,24.5,10.8
2008/10/18,25.4,12.3
2008/10/19,24.6,16.8
2008/10/20,26.5,15.2
2008/10/21,25.4,15.7
2008/10/22,24.2,14.1
2008/10/23,24.7,17.1
2008/10/24,23.5,17.9
2008/10/25,24.9,17.7
2008/10/26,24,16
2008/10/27,23.7,11.7
2008/10/28,21.9,9.7
2008/10/29,22.5,10
2008/10/30,19.2,9.8
2008/10/31,18.9,8.1
2008/11/1,23.1,11.7
2008/11/2,20.9,10.4
2008/11/3,19.5,12
2008/11/4,20.5,10.8
2008/11/5,20.8,8
2008/11/6,23.5,7.3
2008/11/7,23.4,16.5
2008/11/8,17.8,12.8
2008/11/9,13.5,9.5
2008/11/10,15,9.8
2008/11/11,14.5,9.2
2008/11/12,15.7,11.2
2008/11/13,20.4,8.7
2008/11/14,22,6.2
2008/11/15,20.3,8.7
2008/11/16,16.7,12.1
2008/11/17,20.2,9.6
2008/11/18,19.9,9.8
2008/11/19,13.8,3.9
2008/11/20,13.4,1.9
2008/11/21,14.7,1.8
2008/11/22,15.4,3
2008/11/23,17.2,5.2
2008/11/24,15.8,4.3
2008/11/25,13.4,7.1
2008/11/26,15.7,4.1
2008/11/27,11.3,5
2008/11/28,17.4,7.1
2008/11/29,18,4.6
2008/11/30,16.7,5.8
2008/12/1,15.6,2.6
2008/12/2,16.8,6.1
2008/12/3,17.6,3.8
2008/12/4,18.4,3.5
2008/12/5,19.8,8.1
2008/12/6,11,2
2008/12/7,11.9,-1.7
2008/12/8,14.9,0
2008/12/9,14.3,2.3
2008/12/10,18.2,10.5
2008/12/11,18.5,6.8
2008/12/12,17.6,6.4
2008/12/13,18,5.5
2008/12/14,11.1,3.6
2008/12/15,12.6,1.2
2008/12/16,15.3,0.5
2008/12/17,10.6,7.1
2008/12/18,16.3,5.7
2008/12/19,15.1,3.2
2008/12/20,16.5,3.1
2008/12/21,18.9,4.5
2008/12/22,20,5.8
2008/12/23,12.7,2.3
2008/12/24,13.4,-0.6
2008/12/25,15.2,4.7
2008/12/26,10.6,-2
2008/12/27,10.7,-4.3
2008/12/28,14.1,-2
2008/12/29,14.7,-1
2008/12/30,15.8,0.1
2008/12/31,11,-0.8
2009/1/1,10.6,-3.5
2009/1/2,11.2,-3.5
2009/1/3,12.5,-3.2
2009/1/4,12.5,0
2009/1/5,12.9,3.1
2009/1/6,13.6,2.2
2009/1/7,11.4,1.1
2009/1/8,10.9,4.6
2009/1/9,7,3.8
2009/1/10,13.9,-0.8
2009/1/11,10.4,-3.8
2009/1/12,10.6,-1.8
2009/1/13,10.6,-1.1
2009/1/14,10.4,-4.1
2009/1/15,10.3,-2
2009/1/16,9.9,-3.4
2009/1/17,12.3,-1
2009/1/18,11.8,-0.5
2009/1/19,15.4,3
2009/1/20,10.8,1
2009/1/21,12.6,2.5
2009/1/22,9.7,6.2
2009/1/23,13.6,8
2009/1/24,13.4,3
2009/1/25,10.2,-2.4
2009/1/26,11.2,-2.8
2009/1/27,12.8,-0.2
2009/1/28,11.7,1.4
2009/1/29,17.5,1.8
2009/1/30,14.5,9.3
2009/1/31,15.4,8.3
2009/2/1,16.9,5.3
2009/2/2,9.2,3
2009/2/3,12.9,1.1
2009/2/4,10.6,4.2
2009/2/5,13.6,2.3
2009/2/6,16,0.7
2009/2/7,13,2.7
2009/2/8,15.9,0.2
2009/2/9,11.8,2.9
2009/2/10,14.2,4.2
2009/2/11,13.8,3.1
2009/2/12,14.8,0.9
2009/2/13,18.5,1.7
2009/2/14,24.8,11.6
2009/2/15,18.4,7
2009/2/16,15.6,4.4
2009/2/17,10.1,0.3
2009/2/18,10.1,-1.2
2009/2/19,10.2,0.7
2009/2/20,14.4,5.5
2009/2/21,12.3,1.8
2009/2/22,14.5,-0.5
2009/2/23,10.8,6.6
2009/2/24,8.6,5.9
2009/2/25,15.7,7
2009/2/26,11.6,6.6
2009/2/27,7.3,5.3
2009/2/28,12,6
2009/3/1,12.2,5.7
2009/3/2,14.7,2.2
2009/3/3,5.4,1.7
2009/3/4,11.1,2.4
2009/3/5,14,2.4
2009/3/6,10.5,7.2
2009/3/7,16.2,5.9
2009/3/8,13.9,7.4
2009/3/9,14.3,5.8
2009/3/10,17.8,8.2
2009/3/11,13,2.8
2009/3/12,13.4,-0.2
2009/3/13,13.5,2.3
2009/3/14,18.3,4.5
2009/3/15,13.5,0
2009/3/16,16.7,1.2
2009/3/17,20.9,6.1
2009/3/18,21.1,5
2009/3/19,22.4,9
2009/3/20,20.8,8.5
2009/3/21,17.3,6.5
2009/3/22,18.9,12.7
2009/3/23,17.3,9.5
2009/3/24,15.9,5.6
2009/3/25,13.5,2.7
2009/3/26,14.9,4.9
2009/3/27,15.3,3.9
2009/3/28,12.5,2.4
2009/3/29,14.2,0.6
2009/3/30,15.2,5
2009/3/31,15.3,4.4
2009/4/1,17,8.7
2009/4/2,17.3,5.1
2009/4/3,17.1,3.1
2009/4/4,18.8,4.7
2009/4/5,16.9,7.8
2009/4/6,19.9,5.3
2009/4/7,19.9,5.6
2009/4/8,21.3,6.3
2009/4/9,24.3,5.8
2009/4/10,22.4,6.5
2009/4/11,27.6,8.4
2009/4/12,23.3,11.8
2009/4/13,21.6,9.5
2009/4/14,18.7,14.4
2009/4/15,23.5,14.1
2009/4/16,25,11.9
2009/4/17,22,13.1
2009/4/18,20.5,12.6
2009/4/19,23.2,12.4
2009/4/20,21.1,10.8
2009/4/21,20.7,14.8
2009/4/22,25.2,14
2009/4/23,21.4,10.6
2009/4/24,19.8,9.6
2009/4/25,13.9,11.8
2009/4/26,18.7,12.9
2009/4/27,20.3,8
2009/4/28,18.3,6.9
2009/4/29,20.9,4.7
2009/4/30,22.6,7.4
2009/5/1,23.1,9.4
2009/5/2,24.7,11.6
2009/5/3,23.2,14.1
2009/5/4,24,14.3
2009/5/5,19.5,14.2
2009/5/6,19,13.7
2009/5/7,19.5,15.1
2009/5/8,20.5,14.5
2009/5/9,27.5,12.4
2009/5/10,26.7,17.6
2009/5/11,26.5,15.8
2009/5/12,26.2,16.3
2009/5/13,28.8,19
2009/5/14,25.2,12.8
2009/5/15,22.4,10.4
2009/5/16,18.1,14.6
2009/5/17,22.3,14.4
2009/5/18,27.7,15.8
2009/5/19,23.3,13.8
2009/5/20,30.1,14.4
2009/5/21,26.7,15
2009/5/22,26.5,18
2009/5/23,26.6,18.3
2009/5/24,22.9,16.2
2009/5/25,24.4,14.9
2009/5/26,26.7,14.6
2009/5/27,25.9,15.3
2009/5/28,19.8,15.9
2009/5/29,24.6,16
2009/5/30,25.9,17.3
2009/5/31,26.4,18.5
2009/6/1,25.6,15.7
2009/6/2,25.7,13.8
2009/6/3,24.9,17.5
2009/6/4,24.3,16.7
2009/6/5,19.4,16.9
2009/6/6,25.3,17.4
2009/6/7,26.7,16.8
2009/6/8,27.2,20.1
2009/6/9,26.1,18.8
2009/6/10,24.4,19.7
2009/6/11,27,16.4
2009/6/12,27.6,15.3
2009/6/13,27.3,19.4
2009/6/14,26.1,19.1
2009/6/15,27.1,19.2
2009/6/16,26.4,17.8
2009/6/17,25.3,15.7
2009/6/18,25.8,19.2
2009/6/19,28.3,18.6
2009/6/20,29.3,17.8
2009/6/21,26.8,20.8
2009/6/22,26.2,23.2
2009/6/23,29.6,23.1
2009/6/24,27.1,20.9
2009/6/25,27.2,22.1
2009/6/26,30,21.5
2009/6/27,30,20.8
2009/6/28,23.9,20.4
2009/6/29,29.5,20
2009/6/30,24.8,19.9
2009/7/1,30.4,23.1
2009/7/2,26.5,23.1
2009/7/3,27.7,21.7
2009/7/4,27.6,19.4
2009/7/5,26.6,21.2
2009/7/6,24.5,21.6
2009/7/7,30.6,23.1
2009/7/8,28.2,24.6
2009/7/9,29,25.2
2009/7/10,30,25.1
2009/7/11,28.1,22.1
2009/7/12,30.5,20.7
2009/7/13,30.6,24.8
2009/7/14,33.3,22.6
2009/7/15,31.2,25.1
2009/7/16,34.8,24.2
2009/7/17,26.9,23.1
2009/7/18,28,23.5
2009/7/19,32.1,24.2
2009/7/20,31.3,23.2
2009/7/21,25.7,22.6
2009/7/22,26.8,23.7
2009/7/23,28.1,22.8
2009/7/24,28.6,23.5
2009/7/25,30.9,23.2
2009/7/26,32.8,24.8
2009/7/27,30.2,23
2009/7/28,28,22.8
2009/7/29,31,23.5
2009/7/30,31.9,25.6
2009/7/31,29,23.5
2009/8/1,31.2,23
2009/8/2,26.5,21.8
2009/8/3,32,20.9
2009/8/4,33.8,22.9
2009/8/5,30.8,24.6
2009/8/6,31.9,24.8
2009/8/7,32.5,25.4
2009/8/8,33.6,24.9
2009/8/9,33.4,23.8
2009/8/10,29.7,24.7
2009/8/11,33.4,24.8
2009/8/12,30,23.8
2009/8/13,31.2,24.4
2009/8/14,33.7,26
2009/8/15,32.1,24.4
2009/8/16,34.2,22.2
2009/8/17,31.3,20.8
2009/8/18,31.7,21.3
2009/8/19,31,21
2009/8/20,31.4,20.3
2009/8/21,29.5,24.2
2009/8/22,32.9,24.9
2009/8/23,33.1,22.3
2009/8/24,30.4,23.4
2009/8/25,29.2,21.9
2009/8/26,28.8,21.2
2009/8/27,30.4,17.6
2009/8/28,30.7,19.4
2009/8/29,31.6,20.6
2009/8/30,29.6,21.7
2009/8/31,25.5,21.1
2009/9/1,32.1,20.2
2009/9/2,27.7,22.5
2009/9/3,27.8,21.3
2009/9/4,28.1,18.6
2009/9/5,30.5,18.6
2009/9/6,29.2,19.8
2009/9/7,31.7,18.5
2009/9/8,32.1,22
2009/9/9,26.7,19.5
2009/9/10,28.2,16.9
2009/9/11,28.3,15.9
2009/9/12,24.8,18.9
2009/9/13,29,18.2
2009/9/14,27.9,16.5
2009/9/15,23.5,18.5
2009/9/16,28.3,17.7
2009/9/17,26.9,18.7
2009/9/18,26.1,15.4
2009/9/19,27.3,19.3
2009/9/20,28.2,15.2
2009/9/21,25.4,18.8
2009/9/22,26.6,19.2
2009/9/23,28.2,18.3
2009/9/24,29.1,17.2
2009/9/25,29.8,16.5
2009/9/26,30.2,16.8
2009/9/27,27.5,18.6
2009/9/28,27.2,19.7
2009/9/29,25.7,19.9
2009/9/30,23,18.9
2009/10/1,26,18.1
2009/10/2,23.5,19.4
2009/10/3,27.5,19.4
2009/10/4,27.3,16.3
2009/10/5,22.3,15.6
2009/10/6,19.4,16.5
2009/10/7,20.3,17.2
2009/10/8,25.7,16.5
2009/10/9,23.4,14.8
2009/10/10,22.4,13.4
2009/10/11,23.9,10.7
2009/10/12,22.9,11
2009/10/13,24.4,13.6
2009/10/14,24.1,12.4
2009/10/15,23,12.8
2009/10/16,23.5,10.9
2009/10/17,20.9,13
2009/10/18,25,13.9
2009/10/19,24,11.8
2009/10/20,26,14.2
2009/10/21,23.5,11.3
2009/10/22,22.9,11
2009/10/23,22.2,12.3
2009/10/24,19.5,14.3
2009/10/25,17.9,14.1
2009/10/26,18,14.4
2009/10/27,25,13.3
2009/10/28,22.7,11.2
2009/10/29,21.2,11
2009/10/30,25.2,12
2009/10/31,24.6,12
2009/11/1,25.5,11.2
2009/11/2,19.6,8.6
2009/11/3,16.1,5.8
2009/11/4,18.6,6.3
2009/11/5,18.2,7.3
2009/11/6,22.2,7
2009/11/7,22,8.9
2009/11/8,22,9.6
2009/11/9,23.5,9.1
2009/11/10,23.6,11.3
2009/11/11,20.8,16.3
2009/11/12,16.9,10.6
2009/11/13,16.3,9.8
2009/11/14,21.8,13.5
2009/11/15,20.5,11
2009/11/16,16.7,8.4
2009/11/17,10.9,8.5
2009/11/18,16.1,8.6
2009/11/19,9.6,5
2009/11/20,16.2,3
2009/11/21,18,6.2
2009/11/22,13,6.5
2009/11/23,17.4,6.5
2009/11/24,17.4,5.4
2009/11/25,16.2,11.3
2009/11/26,19.4,9.3
2009/11/27,20.2,6.3
2009/11/28,19.3,8.4
2009/11/29,13.3,7.6
2009/11/30,14.7,7.6
2009/12/1,16.1,5.3
2009/12/2,18.2,4
2009/12/3,12.9,7.2
2009/12/4,18.7,8.7
2009/12/5,13.5,6.7
2009/12/6,16.9,5.9
2009/12/7,16.2,4
2009/12/8,16,2.7
2009/12/9,14.6,8.1
2009/12/10,16,8.8
2009/12/11,12.9,7.9
2009/12/12,18.9,8
2009/12/13,15.2,7.8
2009/12/14,13.8,6.2
2009/12/15,12.1,3.7
2009/12/16,10.3,1.6
2009/12/17,11.6,0
2009/12/18,8.8,4.5
2009/12/19,9.5,-1
2009/12/20,10.1,-1.6
2009/12/21,11.8,-0.5
2009/12/22,10.4,-1.8
2009/12/23,14.3,-1.7
2009/12/24,14.6,1.4
2009/12/25,14.7,2.8
2009/12/26,16.4,4.1
2009/12/27,14.8,1.8
2009/12/28,14.9,2.8
2009/12/29,12.8,0.5
2009/12/30,12.6,0.8
2009/12/31,11.6,4
2010/1/1,7.5,2.9
